method,group_id,group_code,pattern,origin,h1_wape,h3_wape,h4_wape,h3_mae,h4_mae,h3_mase,h4_mase,bias,underforecast_rate,overforecast_rate,business_loss_2to1,business_loss_3to1
A_raw_zero,10699,393-29,normal,24,0.0,0.0,0.8423,6.01,46.33,0.5615,4.3313,6.01,0,1,6.01,6.01
B_imputed,10699,393-29,normal,24,0.0,0.0,0.2727,30.0,15.0,2.8049,1.4024,30.0,0,1,30.0,30.0
C_true_missing,10699,393-29,normal,24,0.0,0.0,0.2727,30.0,15.0,2.8049,1.4024,30.0,0,1,30.0,30.0
D_missing_aware,10699,393-29,normal,24,0.0,0.0,0.7247,11.81,39.86,1.1044,3.7264,11.81,0,1,11.81,11.81
A_raw_zero,10699,393-29,normal,25,0.0,1.0,1.0,55.0,55.0,5.3659,5.3659,-55.0,1,0,110.0,165.0
B_imputed,10699,393-29,normal,25,0.0,0.4545,0.2727,25.0,15.0,2.439,1.4634,-25.0,1,0,50.0,75.0
C_true_missing,10699,393-29,normal,25,0.0,0.4545,0.2727,25.0,15.0,2.439,1.4634,-25.0,1,0,50.0,75.0
D_missing_aware,10699,393-29,normal,25,0.0,0.7852,0.7247,43.19,39.86,4.2134,3.8884,-43.19,1,0,86.38,129.56
A_raw_zero,10699,393-29,normal,26,0.0,1.0,1.0,55.0,66.0,5.5894,6.7073,-55.0,1,0,110.0,165.0
B_imputed,10699,393-29,normal,26,0.0,0.4545,0.3939,25.0,26.0,2.5407,2.6423,-25.0,1,0,50.0,75.0
C_true_missing,10699,393-29,normal,26,0.0,0.4545,0.3939,25.0,26.0,2.5407,2.6423,-25.0,1,0,50.0,75.0
D_missing_aware,10699,393-29,normal,26,0.0,0.7852,0.7705,43.19,50.86,4.389,5.1683,-43.19,1,0,86.38,129.56
A_raw_zero,10699,393-29,normal,27,1.0,1.0,1.0,66.0,91.5,6.9756,9.6707,-66.0,1,0,132.0,198.0
B_imputed,10699,393-29,normal,27,0.8182,0.5455,0.5628,36.0,51.5,3.8049,5.4431,-36.0,1,0,72.0,108.0
C_true_missing,10699,393-29,normal,27,0.8182,0.5455,0.5628,36.0,51.5,3.8049,5.4431,-36.0,1,0,72.0,108.0
D_missing_aware,10699,393-29,normal,27,0.9064,0.821,0.8345,54.19,76.36,5.7271,8.0702,-54.19,1,0,108.38,162.56
A_raw_zero,10699,393-29,normal,28,0.0,0.114,0.2848,4.16,10.39,0.3733,0.9324,-4.16,1,0,8.32,12.49
B_imputed,10699,393-29,normal,28,0.0,0.1425,0.1342,5.2,4.9,0.4664,0.4395,-5.2,1,0,10.4,15.6
C_true_missing,10699,393-29,normal,28,0.0,0.1425,0.1342,5.2,4.9,0.4664,0.4395,-5.2,1,0,10.4,15.6
D_missing_aware,10699,393-29,normal,28,0.0,0.4771,0.3193,17.41,11.66,1.5619,1.0456,-17.41,1,0,34.82,52.24
A_raw_zero,10699,393-29,normal,29,0.1667,0.114,0.2848,4.16,10.39,0.3274,0.8175,-4.16,1,0,8.32,12.49
B_imputed,10699,393-29,normal,29,0.0515,0.5589,0.4178,20.4,15.25,1.6045,1.1994,-20.4,1,0,40.8,61.2
C_true_missing,10699,393-29,normal,29,0.0515,0.5589,0.4178,20.4,15.25,1.6045,1.1994,-20.4,1,0,40.8,61.2
D_missing_aware,10699,393-29,normal,29,0.5318,0.4771,0.3193,17.41,11.66,1.3695,0.9168,-17.41,1,0,34.82,52.24
A_raw_zero,4985,1104-39,normal,26,0.0,0.0,0.0,0.0,0.0,0.0,0.0,0.0,0,0,0.0,0.0
B_imputed,4985,1104-39,normal,26,0.0,0.0,0.0,0.0,0.0,0.0,0.0,0.0,0,0,0.0,0.0
C_true_missing,4985,1104-39,normal,26,0.0,0.0,0.0,0.0,0.0,0.0,0.0,0.0,0,0,0.0,0.0
D_missing_aware,4985,1104-39,normal,26,0.0,0.0,0.0,0.0,0.0,0.0,0.0,0.0,0,0,0.0,0.0
A_raw_zero,4985,1104-39,normal,27,0.0,0.0,0.0,0.0,0.0,0.0,0.0,0.0,0,0,0.0,0.0
B_imputed,4985,1104-39,normal,27,0.0,0.0,0.0,0.0,0.0,0.0,0.0,0.0,0,0,0.0,0.0
C_true_missing,4985,1104-39,normal,27,0.0,0.0,0.0,0.0,0.0,0.0,0.0,0.0,0,0,0.0,0.0
D_missing_aware,4985,1104-39,normal,27,0.0,0.0,0.0,0.0,0.0,0.0,0.0,0.0,0,0,0.0,0.0
A_raw_zero,4985,1104-39,normal,28,0.0,0.0,1.0,0.0,80.0,0.0,7.4227,0.0,0,0,0.0,0.0
B_imputed,4985,1104-39,normal,28,0.0,0.0,1.0,0.0,80.0,0.0,7.4227,0.0,0,0,0.0,0.0
C_true_missing,4985,1104-39,normal,28,0.0,0.0,1.0,0.0,80.0,0.0,7.4227,0.0,0,0,0.0,0.0
D_missing_aware,4985,1104-39,normal,28,0.0,0.0,1.0,0.0,80.0,0.0,7.4227,0.0,0,0,0.0,0.0
A_raw_zero,4985,1104-39,normal,29,0.0,1.0,1.0,80.0,80.0,7.6976,7.6976,-80.0,1,0,160.0,240.0
B_imputed,4985,1104-39,normal,29,0.0,1.0,1.0,80.0,80.0,7.6976,7.6976,-80.0,1,0,160.0,240.0
C_true_missing,4985,1104-39,normal,29,0.0,1.0,1.0,80.0,80.0,7.6976,7.6976,-80.0,1,0,160.0,240.0
D_missing_aware,4985,1104-39,normal,29,0.0,1.0,1.0,80.0,80.0,7.6976,7.6976,-80.0,1,0,160.0,240.0
A_raw_zero,4985,1104-39,normal,30,0.0,1.0,1.0,80.0,80.0,7.9725,7.9725,-80.0,1,0,160.0,240.0
B_imputed,4985,1104-39,normal,30,0.0,1.0,1.0,80.0,80.0,7.9725,7.9725,-80.0,1,0,160.0,240.0
C_true_missing,4985,1104-39,normal,30,0.0,1.0,1.0,80.0,80.0,7.9725,7.9725,-80.0,1,0,160.0,240.0
D_missing_aware,4985,1104-39,normal,30,0.0,1.0,1.0,80.0,80.0,7.9725,7.9725,-80.0,1,0,160.0,240.0
A_raw_zero,4985,1104-39,normal,31,1.0,1.0,1.0,80.0,80.0,8.2474,8.2474,-80.0,1,0,160.0,240.0
B_imputed,4985,1104-39,normal,31,1.0,1.0,1.0,80.0,80.0,8.2474,8.2474,-80.0,1,0,160.0,240.0
C_true_missing,4985,1104-39,normal,31,1.0,1.0,1.0,80.0,80.0,8.2474,8.2474,-80.0,1,0,160.0,240.0
D_missing_aware,4985,1104-39,normal,31,1.0,1.0,1.0,80.0,80.0,8.2474,8.2474,-80.0,1,0,160.0,240.0
A_raw_zero,11440,1102-27,normal,31,1.0,1.0,1.0,66.0,66.0,8.59,8.59,-66.0,1,0,132.0,198.0
B_imputed,11440,1102-27,normal,31,1.0,1.0,1.0,66.0,66.0,8.59,8.59,-66.0,1,0,132.0,198.0
C_true_missing,11440,1102-27,normal,31,1.0,1.0,1.0,66.0,66.0,8.59,8.59,-66.0,1,0,132.0,198.0
D_missing_aware,11440,1102-27,normal,31,1.0,1.0,1.0,66.0,66.0,8.59,8.59,-66.0,1,0,132.0,198.0
A_raw_zero,11440,1102-27,normal,32,1.0,1.0,1.0,41.0,41.0,4.9746,4.9746,-41.0,1,0,82.0,123.0
B_imputed,11440,1102-27,normal,32,0.3902,0.8293,1.439,34.0,59.0,4.1252,7.1585,34.0,0,1,34.0,34.0
C_true_missing,11440,1102-27,normal,32,0.3902,0.8293,1.439,34.0,59.0,4.1252,7.1585,34.0,0,1,34.0,34.0
D_missing_aware,11440,1102-27,normal,32,1.0,1.0,1.0,41.0,41.0,4.9746,4.9746,-41.0,1,0,82.0,123.0
A_raw_zero,11440,1102-27,normal,33,0.0,0.0,0.0,46.88,60.94,5.5249,7.1823,46.88,0,1,46.88,46.88
B_imputed,11440,1102-27,normal,33,0.0,0.0,0.0,123.0,164.0,14.4972,19.3297,123.0,0,1,123.0,123.0
C_true_missing,11440,1102-27,normal,33,0.0,0.0,0.0,123.0,164.0,14.4972,19.3297,123.0,0,1,123.0,123.0
D_missing_aware,11440,1102-27,normal,33,0.0,0.0,0.0,123.0,164.0,14.4972,19.3297,123.0,0,1,123.0,123.0
A_raw_zero,11440,1102-27,normal,34,0.0,0.0,0.0,0.0,0.0,0.0,0.0,0.0,0,0,0.0,0.0
B_imputed,11440,1102-27,normal,34,0.0,0.0,0.0,105.0,139.0,11.088,14.6784,105.0,0,1,105.0,105.0
C_true_missing,11440,1102-27,normal,34,0.0,0.0,0.0,105.0,139.0,11.088,14.6784,105.0,0,1,105.0,105.0
D_missing_aware,11440,1102-27,normal,34,0.0,0.0,0.0,123.0,164.0,12.9888,17.3184,123.0,0,1,123.0,123.0
A_raw_zero,11440,1102-27,normal,35,0.0,0.0,0.0,0.0,0.0,0.0,0.0,0.0,0,0,0.0,0.0
B_imputed,11440,1102-27,normal,35,0.0,0.0,0.0,0.0,0.0,0.0,0.0,0.0,0,0,0.0,0.0
C_true_missing,11440,1102-27,normal,35,0.0,0.0,0.0,0.0,0.0,0.0,0.0,0.0,0,0,0.0,0.0
D_missing_aware,11440,1102-27,normal,35,0.0,0.0,0.0,123.0,164.0,13.3824,17.8432,123.0,0,1,123.0,123.0
A_raw_zero,11440,1102-27,normal,36,0.0,0.0,26.8516,20.89,26.85,2.3395,3.0074,20.89,0,1,20.89,20.89
B_imputed,11440,1102-27,normal,36,0.0,0.0,1.0,0.0,1.0,0.0,0.112,0.0,0,0,0.0,0.0
C_true_missing,11440,1102-27,normal,36,0.0,0.0,1.0,0.0,1.0,0.0,0.112,0.0,0,0,0.0,0.0
D_missing_aware,11440,1102-27,normal,36,0.0,0.0,163.0,123.0,163.0,13.776,18.256,123.0,0,1,123.0,123.0
A_raw_zero,820,DE-V1-160,normal,31,0.0,1.0,1.0,9.0,9.0,2.16,2.16,-9.0,1,0,18.0,27.0
B_imputed,820,DE-V1-160,normal,31,0.0,1.0,1.0,9.0,9.0,2.16,2.16,-9.0,1,0,18.0,27.0
C_true_missing,820,DE-V1-160,normal,31,0.0,1.0,1.0,9.0,9.0,2.16,2.16,-9.0,1,0,18.0,27.0
D_missing_aware,820,DE-V1-160,normal,31,0.0,1.0,1.0,9.0,9.0,2.16,2.16,-9.0,1,0,18.0,27.0
A_raw_zero,820,DE-V1-160,normal,32,1.0,1.0,1.0,9.0,9.0,2.232,2.232,-9.0,1,0,18.0,27.0
B_imputed,820,DE-V1-160,normal,32,1.0,1.0,1.0,9.0,9.0,2.232,2.232,-9.0,1,0,18.0,27.0
C_true_missing,820,DE-V1-160,normal,32,1.0,1.0,1.0,9.0,9.0,2.232,2.232,-9.0,1,0,18.0,27.0
D_missing_aware,820,DE-V1-160,normal,32,1.0,1.0,1.0,9.0,9.0,2.232,2.232,-9.0,1,0,18.0,27.0
A_raw_zero,820,DE-V1-160,normal,33,0.0,0.0,0.0,0.0,0.0,0.0,0.0,0.0,0,0,0.0,0.0
B_imputed,820,DE-V1-160,normal,33,0.0,0.0,0.0,0.0,0.0,0.0,0.0,0.0,0,0,0.0,0.0
C_true_missing,820,DE-V1-160,normal,33,0.0,0.0,0.0,0.0,0.0,0.0,0.0,0.0,0,0,0.0,0.0
D_missing_aware,820,DE-V1-160,normal,33,0.0,0.0,0.0,0.0,0.0,0.0,0.0,0.0,0,0,0.0,0.0
A_raw_zero,820,DE-V1-160,normal,34,0.0,0.0,0.0,0.0,0.0,0.0,0.0,0.0,0,0,0.0,0.0
B_imputed,820,DE-V1-160,normal,34,0.0,0.0,0.0,0.0,0.0,0.0,0.0,0.0,0,0,0.0,0.0
C_true_missing,820,DE-V1-160,normal,34,0.0,0.0,0.0,0.0,0.0,0.0,0.0,0.0,0,0,0.0,0.0
D_missing_aware,820,DE-V1-160,normal,34,0.0,0.0,0.0,0.0,0.0,0.0,0.0,0.0,0,0,0.0,0.0
A_raw_zero,820,DE-V1-160,normal,35,0.0,0.0,0.0,0.0,0.0,0.0,0.0,0.0,0,0,0.0,0.0
B_imputed,820,DE-V1-160,normal,35,0.0,0.0,0.0,0.0,0.0,0.0,0.0,0.0,0,0,0.0,0.0
C_true_missing,820,DE-V1-160,normal,35,0.0,0.0,0.0,0.0,0.0,0.0,0.0,0.0,0,0,0.0,0.0
D_missing_aware,820,DE-V1-160,normal,35,0.0,0.0,0.0,0.0,0.0,0.0,0.0,0.0,0,0,0.0,0.0
A_raw_zero,820,DE-V1-160,normal,36,0.0,0.0,0.0,0.0,0.0,0.0,0.0,0.0,0,0,0.0,0.0
B_imputed,820,DE-V1-160,normal,36,0.0,0.0,0.0,0.0,0.0,0.0,0.0,0.0,0,0,0.0,0.0
C_true_missing,820,DE-V1-160,normal,36,0.0,0.0,0.0,0.0,0.0,0.0,0.0,0.0,0,0,0.0,0.0
D_missing_aware,820,DE-V1-160,normal,36,0.0,0.0,0.0,0.0,0.0,0.0,0.0,0.0,0,0,0.0,0.0
A_raw_zero,10692,393-22,normal,24,0.0,0.4886,0.3466,10.75,7.62,0.4035,0.2862,-10.75,1,0,21.5,32.25
B_imputed,10692,393-22,normal,24,0.0,0.4886,0.3466,10.75,7.62,0.4035,0.2862,-10.75,1,0,21.5,32.25
C_true_missing,10692,393-22,normal,24,0.0,0.4886,0.3466,10.75,7.62,0.4035,0.2862,-10.75,1,0,21.5,32.25
D_missing_aware,10692,393-22,normal,24,0.0,0.2256,0.0213,4.96,0.47,0.1863,0.0176,-4.96,1,0,9.93,14.89
A_raw_zero,10692,393-22,normal,25,1.0,1.0,1.0,22.0,22.0,0.8479,0.8479,-22.0,1,0,44.0,66.0
B_imputed,10692,393-22,normal,25,1.0,1.0,1.0,22.0,22.0,0.8479,0.8479,-22.0,1,0,44.0,66.0
C_true_missing,10692,393-22,normal,25,1.0,1.0,1.0,22.0,22.0,0.8479,0.8479,-22.0,1,0,44.0,66.0
D_missing_aware,10692,393-22,normal,25,1.0,1.0,1.0,22.0,22.0,0.8479,0.8479,-22.0,1,0,44.0,66.0
A_raw_zero,10692,393-22,normal,26,0.0,0.0,0.0,24.0,32.0,0.9307,1.2409,24.0,0,1,24.0,24.0
B_imputed,10692,393-22,normal,26,0.0,0.0,0.0,66.0,88.0,2.5593,3.4124,66.0,0,1,66.0,66.0
C_true_missing,10692,393-22,normal,26,0.0,0.0,0.0,66.0,88.0,2.5593,3.4124,66.0,0,1,66.0,66.0
D_missing_aware,10692,393-22,normal,26,0.0,0.0,0.0,17.04,22.47,0.6607,0.8713,17.04,0,1,17.04,17.04
A_raw_zero,10692,393-22,normal,27,0.0,0.0,0.0,18.0,24.0,0.702,0.936,18.0,0,1,18.0,18.0
B_imputed,10692,393-22,normal,27,0.0,0.0,0.0,22.81,30.42,0.8897,1.1863,22.81,0,1,22.81,22.81
C_true_missing,10692,393-22,normal,27,0.0,0.0,0.0,22.81,30.42,0.8897,1.1863,22.81,0,1,22.81,22.81
D_missing_aware,10692,393-22,normal,27,0.0,0.0,0.0,0.0,0.0,0.0,0.0,0.0,0,0,0.0,0.0
A_raw_zero,10692,393-22,normal,28,0.0,0.0,0.1852,16.5,5.0,0.6682,0.2025,16.5,0,1,16.5,16.5
B_imputed,10692,393-22,normal,28,0.0,0.0,0.3562,13.04,9.62,0.528,0.3895,13.04,0,1,13.04,13.04
C_true_missing,10692,393-22,normal,28,0.0,0.0,0.3562,13.04,9.62,0.528,0.3895,13.04,0,1,13.04,13.04
D_missing_aware,10692,393-22,normal,28,0.0,0.0,0.1852,24.0,5.0,0.972,0.2025,24.0,0,1,24.0,24.0
A_raw_zero,10692,393-22,normal,29,0.0,0.4444,0.5556,12.0,25.0,0.504,1.0499,-12.0,1,0,24.0,36.0
B_imputed,10692,393-22,normal,29,0.0,0.4369,0.6058,11.8,27.26,0.4954,1.145,-11.8,1,0,23.59,35.39
C_true_missing,10692,393-22,normal,29,0.0,0.4369,0.6058,11.8,27.26,0.4954,1.145,-11.8,1,0,23.59,35.39
D_missing_aware,10692,393-22,normal,29,0.0,0.4369,0.6058,11.8,27.26,0.4954,1.145,-11.8,1,0,23.59,35.39
A_raw_zero,10693,393-23,normal,23,0.0,1.0,1.0,35.0,35.0,2.7065,2.7065,-35.0,1,0,70.0,105.0
B_imputed,10693,393-23,normal,23,0.0,1.0,1.0,35.0,35.0,2.7065,2.7065,-35.0,1,0,70.0,105.0
C_true_missing,10693,393-23,normal,23,0.0,1.0,1.0,35.0,35.0,2.7065,2.7065,-35.0,1,0,70.0,105.0
D_missing_aware,10693,393-23,normal,23,0.0,1.0,1.0,35.0,35.0,2.7065,2.7065,-35.0,1,0,70.0,105.0
A_raw_zero,10693,393-23,normal,24,0.0,1.0,1.0,35.0,35.0,2.715,2.715,-35.0,1,0,70.0,105.0
B_imputed,10693,393-23,normal,24,0.0,1.0,1.0,35.0,35.0,2.715,2.715,-35.0,1,0,70.0,105.0
C_true_missing,10693,393-23,normal,24,0.0,1.0,1.0,35.0,35.0,2.715,2.715,-35.0,1,0,70.0,105.0
D_missing_aware,10693,393-23,normal,24,0.0,1.0,1.0,35.0,35.0,2.715,2.715,-35.0,1,0,70.0,105.0
A_raw_zero,10693,393-23,normal,25,1.0,1.0,1.0,35.0,35.0,2.8331,2.8331,-35.0,1,0,70.0,105.0
B_imputed,10693,393-23,normal,25,1.0,1.0,1.0,35.0,35.0,2.8331,2.8331,-35.0,1,0,70.0,105.0
C_true_missing,10693,393-23,normal,25,1.0,1.0,1.0,35.0,35.0,2.8331,2.8331,-35.0,1,0,70.0,105.0
D_missing_aware,10693,393-23,normal,25,1.0,1.0,1.0,35.0,35.0,2.8331,2.8331,-35.0,1,0,70.0,105.0
A_raw_zero,10693,393-23,normal,26,0.0,0.0,0.0,0.0,0.0,0.0,0.0,0.0,0,0,0.0,0.0
B_imputed,10693,393-23,normal,26,0.0,0.0,0.0,0.0,0.0,0.0,0.0,0.0,0,0,0.0,0.0
C_true_missing,10693,393-23,normal,26,0.0,0.0,0.0,0.0,0.0,0.0,0.0,0.0,0,0,0.0,0.0
D_missing_aware,10693,393-23,normal,26,0.0,0.0,0.0,0.0,0.0,0.0,0.0,0.0,0,0,0.0,0.0
A_raw_zero,10693,393-23,normal,27,0.0,0.0,0.0,36.3,48.4,2.5749,3.4332,36.3,0,1,36.3,36.3
B_imputed,10693,393-23,normal,27,0.0,0.0,0.0,21.99,29.32,1.56,2.08,21.99,0,1,21.99,21.99
C_true_missing,10693,393-23,normal,27,0.0,0.0,0.0,21.99,29.32,1.56,2.08,21.99,0,1,21.99,21.99
D_missing_aware,10693,393-23,normal,27,0.0,0.0,0.0,36.3,48.4,2.5749,3.4332,36.3,0,1,36.3,36.3
A_raw_zero,10693,393-23,normal,28,0.0,0.0,0.0,20.74,27.65,1.528,2.0373,20.74,0,1,20.74,20.74
B_imputed,10693,393-23,normal,28,0.0,0.0,0.0,18.38,24.51,1.3543,1.8057,18.38,0,1,18.38,18.38
C_true_missing,10693,393-23,normal,28,0.0,0.0,0.0,18.38,24.51,1.3543,1.8057,18.38,0,1,18.38,18.38
D_missing_aware,10693,393-23,normal,28,0.0,0.0,0.0,20.74,27.65,1.528,2.0373,20.74,0,1,20.74,20.74
A_raw_zero,6909,373-37,normal,30,0.0,16.1869,21.9159,32.37,43.83,2.3981,3.2468,32.37,0,1,32.37,32.37
B_imputed,6909,373-37,normal,30,0.0,16.1869,21.9159,32.37,43.83,2.3981,3.2468,32.37,0,1,32.37,32.37
C_true_missing,6909,373-37,normal,30,0.0,16.1869,21.9159,32.37,43.83,2.3981,3.2468,32.37,0,1,32.37,32.37
D_missing_aware,6909,373-37,normal,30,0.0,16.1869,21.9159,32.37,43.83,2.3981,3.2468,32.37,0,1,32.37,32.37
A_raw_zero,6909,373-37,normal,31,4.729,16.1869,21.9159,32.37,43.83,2.2772,3.0831,32.37,0,1,32.37,32.37
B_imputed,6909,373-37,normal,31,4.729,16.1869,21.9159,32.37,43.83,2.2772,3.0831,32.37,0,1,32.37,32.37
C_true_missing,6909,373-37,normal,31,4.729,16.1869,21.9159,32.37,43.83,2.2772,3.0831,32.37,0,1,32.37,32.37
D_missing_aware,6909,373-37,normal,31,4.729,16.1869,21.9159,32.37,43.83,2.2772,3.0831,32.37,0,1,32.37,32.37
A_raw_zero,6909,373-37,normal,32,0.0,0.0,0.449,31.41,34.12,2.2722,2.4687,31.41,0,1,31.41,31.41
B_imputed,6909,373-37,normal,32,0.0,0.0,0.449,31.41,34.12,2.2722,2.4687,31.41,0,1,31.41,31.41
C_true_missing,6909,373-37,normal,32,0.0,0.0,0.449,31.41,34.12,2.2722,2.4687,31.41,0,1,31.41,31.41
D_missing_aware,6909,373-37,normal,32,0.0,0.0,0.449,31.41,34.12,2.2722,2.4687,31.41,0,1,31.41,31.41
A_raw_zero,6909,373-37,normal,33,0.0,0.5867,0.449,44.59,34.12,3.3147,2.5365,-44.59,1,0,89.19,133.78
B_imputed,6909,373-37,normal,33,0.0,0.5867,0.449,44.59,34.12,3.3147,2.5365,-44.59,1,0,89.19,133.78
C_true_missing,6909,373-37,normal,33,0.0,0.5867,0.449,44.59,34.12,3.3147,2.5365,-44.59,1,0,89.19,133.78
D_missing_aware,6909,373-37,normal,33,0.0,0.5867,0.449,44.59,34.12,3.3147,2.5365,-44.59,1,0,89.19,133.78
A_raw_zero,6909,373-37,normal,34,0.0,0.5867,0.5398,44.59,49.12,3.4183,3.7656,-44.59,1,0,89.19,133.78
B_imputed,6909,373-37,normal,34,0.0,0.5867,0.5398,44.59,49.12,3.4183,3.7656,-44.59,1,0,89.19,133.78
C_true_missing,6909,373-37,normal,34,0.0,0.5867,0.5398,44.59,49.12,3.4183,3.7656,-44.59,1,0,89.19,133.78
D_missing_aware,6909,373-37,normal,34,0.0,0.5867,0.5398,44.59,49.12,3.4183,3.7656,-44.59,1,0,89.19,133.78
A_raw_zero,6909,373-37,normal,35,0.8622,0.6549,0.5398,59.59,49.12,4.7065,3.8797,-59.59,1,0,119.19,178.78
B_imputed,6909,373-37,normal,35,0.8622,0.6549,0.5398,59.59,49.12,4.7065,3.8797,-59.59,1,0,119.19,178.78
C_true_missing,6909,373-37,normal,35,0.8622,0.6549,0.5398,59.59,49.12,4.7065,3.8797,-59.59,1,0,119.19,178.78
D_missing_aware,6909,373-37,normal,35,0.8622,0.6549,0.5398,59.59,49.12,4.7065,3.8797,-59.59,1,0,119.19,178.78
A_raw_zero,6623,379-06,normal,31,19.1218,59.3654,79.4871,1068.58,1430.77,2.7642,3.7011,1068.58,0,1,1068.58,1068.58
B_imputed,6623,379-06,normal,31,19.1218,59.3654,79.4871,1068.58,1430.77,2.7642,3.7011,1068.58,0,1,1068.58,1068.58
C_true_missing,6623,379-06,normal,31,19.1218,59.3654,79.4871,1068.58,1430.77,2.7642,3.7011,1068.58,0,1,1068.58,1068.58
D_missing_aware,6623,379-06,normal,31,19.1218,59.3654,79.4871,1068.58,1430.77,2.7642,3.7011,1068.58,0,1,1068.58,1068.58
A_raw_zero,6623,379-06,normal,32,0.0,0.0,0.0,1054.31,1405.74,2.6929,3.5905,1054.31,0,1,1054.31,1054.31
B_imputed,6623,379-06,normal,32,0.0,0.0,0.0,1054.31,1405.74,2.6929,3.5905,1054.31,0,1,1054.31,1054.31
C_true_missing,6623,379-06,normal,32,0.0,0.0,0.0,1054.31,1405.74,2.6929,3.5905,1054.31,0,1,1054.31,1054.31
D_missing_aware,6623,379-06,normal,32,0.0,0.0,0.0,1054.31,1405.74,2.6929,3.5905,1054.31,0,1,1054.31,1054.31
A_raw_zero,6623,379-06,normal,33,0.0,0.0,0.0,1022.36,1363.15,2.6915,3.5887,1022.36,0,1,1022.36,1022.36
B_imputed,6623,379-06,normal,33,0.0,0.0,0.0,1022.36,1363.15,2.6915,3.5887,1022.36,0,1,1022.36,1022.36
C_true_missing,6623,379-06,normal,33,0.0,0.0,0.0,1022.36,1363.15,2.6915,3.5887,1022.36,0,1,1022.36,1022.36
D_missing_aware,6623,379-06,normal,33,0.0,0.0,0.0,1022.36,1363.15,2.6915,3.5887,1022.36,0,1,1022.36,1022.36
A_raw_zero,6623,379-06,normal,34,0.0,0.0,0.0,712.5,950.0,1.9344,2.5792,712.5,0,1,712.5,712.5
B_imputed,6623,379-06,normal,34,0.0,0.0,0.0,712.5,950.0,1.9344,2.5792,712.5,0,1,712.5,712.5
C_true_missing,6623,379-06,normal,34,0.0,0.0,0.0,712.5,950.0,1.9344,2.5792,712.5,0,1,712.5,712.5
D_missing_aware,6623,379-06,normal,34,0.0,0.0,0.0,712.5,950.0,1.9344,2.5792,712.5,0,1,712.5,712.5
A_raw_zero,6623,379-06,normal,35,0.0,0.0,36.7143,693.0,899.5,1.9385,2.5161,693.0,0,1,693.0,693.0
B_imputed,6623,379-06,normal,35,0.0,0.0,36.7143,693.0,899.5,1.9385,2.5161,693.0,0,1,693.0,693.0
C_true_missing,6623,379-06,normal,35,0.0,0.0,36.7143,693.0,899.5,1.9385,2.5161,693.0,0,1,693.0,693.0
D_missing_aware,6623,379-06,normal,35,0.0,0.0,36.7143,693.0,899.5,1.9385,2.5161,693.0,0,1,693.0,693.0
A_raw_zero,6623,379-06,normal,36,0.0,1.0,1.0,24.5,212.0,0.0705,0.6105,-24.5,1,0,49.0,73.5
B_imputed,6623,379-06,normal,36,0.0,1.0,1.0,24.5,212.0,0.0705,0.6105,-24.5,1,0,49.0,73.5
C_true_missing,6623,379-06,normal,36,0.0,1.0,1.0,24.5,212.0,0.0705,0.6105,-24.5,1,0,49.0,73.5
D_missing_aware,6623,379-06,normal,36,0.0,1.0,1.0,24.5,212.0,0.0705,0.6105,-24.5,1,0,49.0,73.5
A_raw_zero,6032,18825,normal,28,0.0,0.2,0.0667,3.0,1.0,0.2275,0.0758,-3.0,1,0,6.0,9.0
B_imputed,6032,18825,normal,28,0.0,0.2,0.0667,3.0,1.0,0.2275,0.0758,-3.0,1,0,6.0,9.0
C_true_missing,6032,18825,normal,28,0.0,0.2,0.0667,3.0,1.0,0.2275,0.0758,-3.0,1,0,6.0,9.0
D_missing_aware,6032,18825,normal,28,0.0,0.2,0.0667,3.0,1.0,0.2275,0.0758,-3.0,1,0,6.0,9.0
A_raw_zero,6032,18825,normal,29,1.6667,2.1667,4.6667,32.5,70.0,2.5419,5.4749,32.5,0,1,32.5,32.5
B_imputed,6032,18825,normal,29,1.6667,2.1667,4.6667,32.5,70.0,2.5419,5.4749,32.5,0,1,32.5,32.5
C_true_missing,6032,18825,normal,29,1.6667,2.1667,4.6667,32.5,70.0,2.5419,5.4749,32.5,0,1,32.5,32.5
D_missing_aware,6032,18825,normal,29,1.6667,2.1667,4.6667,32.5,70.0,2.5419,5.4749,32.5,0,1,32.5,32.5
A_raw_zero,6032,18825,normal,30,0.0,0.0,0.0,45.0,45.0,3.4987,3.4987,45.0,0,1,45.0,45.0
B_imputed,6032,18825,normal,30,0.0,0.0,0.0,45.0,45.0,3.4987,3.4987,45.0,0,1,45.0,45.0
C_true_missing,6032,18825,normal,30,0.0,0.0,0.0,45.0,45.0,3.4987,3.4987,45.0,0,1,45.0,45.0
D_missing_aware,6032,18825,normal,30,0.0,0.0,0.0,45.0,45.0,3.4987,3.4987,45.0,0,1,45.0,45.0
A_raw_zero,6032,18825,normal,31,0.0,0.0,0.0,12.0,16.0,0.9278,1.2371,12.0,0,1,12.0,12.0
B_imputed,6032,18825,normal,31,0.0,0.0,0.0,12.0,16.0,0.9278,1.2371,12.0,0,1,12.0,12.0
C_true_missing,6032,18825,normal,31,0.0,0.0,0.0,12.0,16.0,0.9278,1.2371,12.0,0,1,12.0,12.0
D_missing_aware,6032,18825,normal,31,0.0,0.0,0.0,12.0,16.0,0.9278,1.2371,12.0,0,1,12.0,12.0
A_raw_zero,6032,18825,normal,32,0.0,0.0,0.0,11.25,15.0,0.8988,1.1985,11.25,0,1,11.25,11.25
B_imputed,6032,18825,normal,32,0.0,0.0,0.0,11.25,15.0,0.8988,1.1985,11.25,0,1,11.25,11.25
C_true_missing,6032,18825,normal,32,0.0,0.0,0.0,11.25,15.0,0.8988,1.1985,11.25,0,1,11.25,11.25
D_missing_aware,6032,18825,normal,32,0.0,0.0,0.0,11.25,15.0,0.8988,1.1985,11.25,0,1,11.25,11.25
A_raw_zero,6032,18825,normal,33,0.0,0.0,0.0,10.5,14.0,0.866,1.1546,10.5,0,1,10.5,10.5
B_imputed,6032,18825,normal,33,0.0,0.0,0.0,10.5,14.0,0.866,1.1546,10.5,0,1,10.5,10.5
C_true_missing,6032,18825,normal,33,0.0,0.0,0.0,10.5,14.0,0.866,1.1546,10.5,0,1,10.5,10.5
D_missing_aware,6032,18825,normal,33,0.0,0.0,0.0,10.5,14.0,0.866,1.1546,10.5,0,1,10.5,10.5
A_raw_zero,10063,DE-V1-05,normal,29,0.0,0.0,0.0,0.0,0.0,0.0,0.0,0.0,0,0,0.0,0.0
B_imputed,10063,DE-V1-05,normal,29,0.0,0.0,0.0,0.0,0.0,0.0,0.0,0.0,0,0,0.0,0.0
C_true_missing,10063,DE-V1-05,normal,29,0.0,0.0,0.0,0.0,0.0,0.0,0.0,0.0,0,0,0.0,0.0
D_missing_aware,10063,DE-V1-05,normal,29,0.0,0.0,0.0,0.0,0.0,0.0,0.0,0.0,0,0,0.0,0.0
A_raw_zero,10063,DE-V1-05,normal,30,0.0,0.0,0.0,0.0,0.0,0.0,0.0,0.0,0,0,0.0,0.0
B_imputed,10063,DE-V1-05,normal,30,0.0,0.0,0.0,0.0,0.0,0.0,0.0,0.0,0,0,0.0,0.0
C_true_missing,10063,DE-V1-05,normal,30,0.0,0.0,0.0,0.0,0.0,0.0,0.0,0.0,0,0,0.0,0.0
D_missing_aware,10063,DE-V1-05,normal,30,0.0,0.0,0.0,0.0,0.0,0.0,0.0,0.0,0,0,0.0,0.0
A_raw_zero,10063,DE-V1-05,normal,31,0.0,0.0,0.0,0.0,0.0,0.0,0.0,0.0,0,0,0.0,0.0
B_imputed,10063,DE-V1-05,normal,31,0.0,0.0,0.0,0.0,0.0,0.0,0.0,0.0,0,0,0.0,0.0
C_true_missing,10063,DE-V1-05,normal,31,0.0,0.0,0.0,0.0,0.0,0.0,0.0,0.0,0,0,0.0,0.0
D_missing_aware,10063,DE-V1-05,normal,31,0.0,0.0,0.0,0.0,0.0,0.0,0.0,0.0,0,0,0.0,0.0
A_raw_zero,10063,DE-V1-05,normal,32,0.0,0.0,0.0,0.0,0.0,0.0,0.0,0.0,0,0,0.0,0.0
B_imputed,10063,DE-V1-05,normal,32,0.0,0.0,0.0,0.0,0.0,0.0,0.0,0.0,0,0,0.0,0.0
C_true_missing,10063,DE-V1-05,normal,32,0.0,0.0,0.0,0.0,0.0,0.0,0.0,0.0,0,0,0.0,0.0
D_missing_aware,10063,DE-V1-05,normal,32,0.0,0.0,0.0,0.0,0.0,0.0,0.0,0.0,0,0,0.0,0.0
A_raw_zero,10063,DE-V1-05,normal,33,0.0,0.0,0.0,0.0,0.0,0.0,0.0,0.0,0,0,0.0,0.0
B_imputed,10063,DE-V1-05,normal,33,0.0,0.0,0.0,0.0,0.0,0.0,0.0,0.0,0,0,0.0,0.0
C_true_missing,10063,DE-V1-05,normal,33,0.0,0.0,0.0,0.0,0.0,0.0,0.0,0.0,0,0,0.0,0.0
D_missing_aware,10063,DE-V1-05,normal,33,0.0,0.0,0.0,0.0,0.0,0.0,0.0,0.0,0,0,0.0,0.0
A_raw_zero,10063,DE-V1-05,normal,34,0.0,0.0,0.0,0.0,0.0,0.0,0.0,0.0,0,0,0.0,0.0
B_imputed,10063,DE-V1-05,normal,34,0.0,0.0,0.0,0.0,0.0,0.0,0.0,0.0,0,0,0.0,0.0
C_true_missing,10063,DE-V1-05,normal,34,0.0,0.0,0.0,0.0,0.0,0.0,0.0,0.0,0,0,0.0,0.0
D_missing_aware,10063,DE-V1-05,normal,34,0.0,0.0,0.0,0.0,0.0,0.0,0.0,0.0,0,0,0.0,0.0
A_raw_zero,10700,393-30,normal,22,0.0,0.0,0.0,0.0,0.0,0.0,0.0,0.0,0,0,0.0,0.0
B_imputed,10700,393-30,normal,22,0.0,0.0,0.0,0.0,0.0,0.0,0.0,0.0,0,0,0.0,0.0
C_true_missing,10700,393-30,normal,22,0.0,0.0,0.0,0.0,0.0,0.0,0.0,0.0,0,0,0.0,0.0
D_missing_aware,10700,393-30,normal,22,0.0,0.0,0.0,0.0,0.0,0.0,0.0,0.0,0,0,0.0,0.0
A_raw_zero,10700,393-30,normal,23,0.0,0.0,0.0,0.0,0.0,0.0,0.0,0.0,0,0,0.0,0.0
B_imputed,10700,393-30,normal,23,0.0,0.0,0.0,0.0,0.0,0.0,0.0,0.0,0,0,0.0,0.0
C_true_missing,10700,393-30,normal,23,0.0,0.0,0.0,0.0,0.0,0.0,0.0,0.0,0,0,0.0,0.0
D_missing_aware,10700,393-30,normal,23,0.0,0.0,0.0,0.0,0.0,0.0,0.0,0.0,0,0,0.0,0.0
A_raw_zero,10700,393-30,normal,24,0.0,0.0,0.0,0.0,0.0,0.0,0.0,0.0,0,0,0.0,0.0
B_imputed,10700,393-30,normal,24,0.0,0.0,0.0,0.0,0.0,0.0,0.0,0.0,0,0,0.0,0.0
C_true_missing,10700,393-30,normal,24,0.0,0.0,0.0,0.0,0.0,0.0,0.0,0.0,0,0,0.0,0.0
D_missing_aware,10700,393-30,normal,24,0.0,0.0,0.0,0.0,0.0,0.0,0.0,0.0,0,0,0.0,0.0
A_raw_zero,10700,393-30,normal,25,0.0,0.0,0.0,0.0,0.0,0.0,0.0,0.0,0,0,0.0,0.0
B_imputed,10700,393-30,normal,25,0.0,0.0,0.0,0.0,0.0,0.0,0.0,0.0,0,0,0.0,0.0
C_true_missing,10700,393-30,normal,25,0.0,0.0,0.0,0.0,0.0,0.0,0.0,0.0,0,0,0.0,0.0
D_missing_aware,10700,393-30,normal,25,0.0,0.0,0.0,0.0,0.0,0.0,0.0,0.0,0,0,0.0,0.0
A_raw_zero,10700,393-30,normal,26,0.0,0.0,0.0,0.0,0.0,0.0,0.0,0.0,0,0,0.0,0.0
B_imputed,10700,393-30,normal,26,0.0,0.0,0.0,0.0,0.0,0.0,0.0,0.0,0,0,0.0,0.0
C_true_missing,10700,393-30,normal,26,0.0,0.0,0.0,0.0,0.0,0.0,0.0,0.0,0,0,0.0,0.0
D_missing_aware,10700,393-30,normal,26,0.0,0.0,0.0,0.0,0.0,0.0,0.0,0.0,0,0,0.0,0.0
A_raw_zero,10700,393-30,normal,27,0.0,0.0,0.0,0.0,0.0,0.0,0.0,0.0,0,0,0.0,0.0
B_imputed,10700,393-30,normal,27,0.0,0.0,0.0,0.0,0.0,0.0,0.0,0.0,0,0,0.0,0.0
C_true_missing,10700,393-30,normal,27,0.0,0.0,0.0,0.0,0.0,0.0,0.0,0.0,0,0,0.0,0.0
D_missing_aware,10700,393-30,normal,27,0.0,0.0,0.0,0.0,0.0,0.0,0.0,0.0,0,0,0.0,0.0
A_raw_zero,9124,385-07,normal,26,0.0,14.8182,20.0909,81.5,110.5,1.3713,1.8592,81.5,0,1,81.5,81.5
B_imputed,9124,385-07,normal,26,0.0,14.8182,20.0909,81.5,110.5,1.3713,1.8592,81.5,0,1,81.5,81.5
C_true_missing,9124,385-07,normal,26,0.0,14.8182,20.0909,81.5,110.5,1.3713,1.8592,81.5,0,1,81.5,81.5
D_missing_aware,9124,385-07,normal,26,0.0,25.963,34.0483,142.8,187.27,2.4026,3.1508,142.8,0,1,142.8,142.8
A_raw_zero,9124,385-07,normal,27,4.0909,14.2727,19.3636,78.5,106.5,1.3572,1.8413,78.5,0,1,78.5,78.5
B_imputed,9124,385-07,normal,27,4.0909,14.2727,19.3636,78.5,106.5,1.3572,1.8413,78.5,0,1,78.5,78.5
C_true_missing,9124,385-07,normal,27,4.0909,14.2727,19.3636,78.5,106.5,1.3572,1.8413,78.5,0,1,78.5,78.5
D_missing_aware,9124,385-07,normal,27,5.7635,19.2905,26.054,106.1,143.3,1.8343,2.4775,106.1,0,1,106.1,106.1
A_raw_zero,9124,385-07,normal,28,0.0,0.0,0.0,76.5,102.0,1.3685,1.8246,76.5,0,1,76.5,76.5
B_imputed,9124,385-07,normal,28,0.0,0.0,0.0,78.0,104.0,1.3953,1.8604,78.0,0,1,78.0,78.0
C_true_missing,9124,385-07,normal,28,0.0,0.0,0.0,78.0,104.0,1.3953,1.8604,78.0,0,1,78.0,78.0
D_missing_aware,9124,385-07,normal,28,0.0,0.0,0.0,136.5,182.0,2.4418,3.2557,136.5,0,1,136.5,136.5
A_raw_zero,9124,385-07,normal,29,0.0,0.0,94.811,81.34,94.81,1.5034,1.7525,81.34,0,1,81.34,81.34
B_imputed,9124,385-07,normal,29,0.0,0.0,94.811,81.34,94.81,1.5034,1.7525,81.34,0,1,81.34,81.34
C_true_missing,9124,385-07,normal,29,0.0,0.0,94.811,81.34,94.81,1.5034,1.7525,81.34,0,1,81.34,81.34
D_missing_aware,9124,385-07,normal,29,0.0,0.0,119.0,90.0,119.0,1.6635,2.1996,90.0,0,1,90.0,90.0
A_raw_zero,9124,385-07,normal,30,0.0,68.0,91.0,68.0,91.0,1.3018,1.7421,68.0,0,1,68.0,68.0
B_imputed,9124,385-07,normal,30,0.0,69.5,93.0,69.5,93.0,1.3305,1.7804,69.5,0,1,69.5,69.5
C_true_missing,9124,385-07,normal,30,0.0,69.5,93.0,69.5,93.0,1.3305,1.7804,69.5,0,1,69.5,69.5
D_missing_aware,9124,385-07,normal,30,0.0,86.0,115.0,86.0,115.0,1.6464,2.2015,86.0,0,1,86.0,86.0
A_raw_zero,9124,385-07,normal,31,0.0,68.0,22.0,68.0,88.0,1.3467,1.7427,68.0,0,1,68.0,68.0
B_imputed,9124,385-07,normal,31,0.0,68.0,22.0,68.0,88.0,1.3467,1.7427,68.0,0,1,68.0,68.0
C_true_missing,9124,385-07,normal,31,0.0,68.0,22.0,68.0,88.0,1.3467,1.7427,68.0,0,1,68.0,68.0
D_missing_aware,9124,385-07,normal,31,0.0,1.0,1.0,1.0,4.0,0.0198,0.0792,-1.0,1,0,2.0,3.0
A_raw_zero,6907,377-14,normal,30,0.0,0.0,0.0,0.0,0.0,0.0,0.0,0.0,0,0,0.0,0.0
B_imputed,6907,377-14,normal,30,0.0,0.0,0.0,0.0,0.0,0.0,0.0,0.0,0,0,0.0,0.0
C_true_missing,6907,377-14,normal,30,0.0,0.0,0.0,0.0,0.0,0.0,0.0,0.0,0,0,0.0,0.0
D_missing_aware,6907,377-14,normal,30,0.0,0.0,0.0,0.0,0.0,0.0,0.0,0.0,0,0,0.0,0.0
A_raw_zero,6907,377-14,normal,31,0.0,0.0,0.0,0.0,0.0,0.0,0.0,0.0,0,0,0.0,0.0
B_imputed,6907,377-14,normal,31,0.0,0.0,0.0,0.0,0.0,0.0,0.0,0.0,0,0,0.0,0.0
C_true_missing,6907,377-14,normal,31,0.0,0.0,0.0,0.0,0.0,0.0,0.0,0.0,0,0,0.0,0.0
D_missing_aware,6907,377-14,normal,31,0.0,0.0,0.0,0.0,0.0,0.0,0.0,0.0,0,0,0.0,0.0
A_raw_zero,6907,377-14,normal,32,0.0,0.0,0.0,0.0,0.0,0.0,0.0,0.0,0,0,0.0,0.0
B_imputed,6907,377-14,normal,32,0.0,0.0,0.0,0.0,0.0,0.0,0.0,0.0,0,0,0.0,0.0
C_true_missing,6907,377-14,normal,32,0.0,0.0,0.0,0.0,0.0,0.0,0.0,0.0,0,0,0.0,0.0
D_missing_aware,6907,377-14,normal,32,0.0,0.0,0.0,0.0,0.0,0.0,0.0,0.0,0,0,0.0,0.0
A_raw_zero,6907,377-14,normal,33,0.0,0.0,0.0,0.0,0.0,0.0,0.0,0.0,0,0,0.0,0.0
B_imputed,6907,377-14,normal,33,0.0,0.0,0.0,0.0,0.0,0.0,0.0,0.0,0,0,0.0,0.0
C_true_missing,6907,377-14,normal,33,0.0,0.0,0.0,0.0,0.0,0.0,0.0,0.0,0,0,0.0,0.0
D_missing_aware,6907,377-14,normal,33,0.0,0.0,0.0,0.0,0.0,0.0,0.0,0.0,0,0,0.0,0.0
A_raw_zero,6907,377-14,normal,34,0.0,0.0,0.0,0.0,0.0,0.0,0.0,0.0,0,0,0.0,0.0
B_imputed,6907,377-14,normal,34,0.0,0.0,0.0,0.0,0.0,0.0,0.0,0.0,0,0,0.0,0.0
C_true_missing,6907,377-14,normal,34,0.0,0.0,0.0,0.0,0.0,0.0,0.0,0.0,0,0,0.0,0.0
D_missing_aware,6907,377-14,normal,34,0.0,0.0,0.0,0.0,0.0,0.0,0.0,0.0,0,0,0.0,0.0
A_raw_zero,6907,377-14,normal,35,0.0,0.0,0.0,0.0,0.0,0.0,0.0,0.0,0,0,0.0,0.0
B_imputed,6907,377-14,normal,35,0.0,0.0,0.0,0.0,0.0,0.0,0.0,0.0,0,0,0.0,0.0
C_true_missing,6907,377-14,normal,35,0.0,0.0,0.0,0.0,0.0,0.0,0.0,0.0,0,0,0.0,0.0
D_missing_aware,6907,377-14,normal,35,0.0,0.0,0.0,0.0,0.0,0.0,0.0,0.0,0,0,0.0,0.0
A_raw_zero,854,202-18,normal,27,0.975,0.9563,0.9469,38.25,37.88,8.9595,8.8716,-38.25,1,0,76.5,114.75
B_imputed,854,202-18,normal,27,0.975,0.9563,0.9469,38.25,37.88,8.9595,8.8716,-38.25,1,0,76.5,114.75
C_true_missing,854,202-18,normal,27,0.975,0.9563,0.9469,38.25,37.88,8.9595,8.8716,-38.25,1,0,76.5,114.75
D_missing_aware,854,202-18,normal,27,0.975,0.9563,0.9469,38.25,37.88,8.9595,8.8716,-38.25,1,0,76.5,114.75
A_raw_zero,854,202-18,normal,28,0.0,0.0,0.0,10.39,13.85,1.8578,2.477,10.39,0,1,10.39,10.39
B_imputed,854,202-18,normal,28,0.0,0.0,0.0,10.39,13.85,1.8578,2.477,10.39,0,1,10.39,10.39
C_true_missing,854,202-18,normal,28,0.0,0.0,0.0,10.39,13.85,1.8578,2.477,10.39,0,1,10.39,10.39
D_missing_aware,854,202-18,normal,28,0.0,0.0,0.0,10.39,13.85,1.8578,2.477,10.39,0,1,10.39,10.39
A_raw_zero,854,202-18,normal,29,0.0,0.0,0.0,48.09,62.77,7.0502,9.2026,48.09,0,1,48.09,48.09
B_imputed,854,202-18,normal,29,0.0,0.0,0.0,48.09,62.77,7.0502,9.2026,48.09,0,1,48.09,48.09
C_true_missing,854,202-18,normal,29,0.0,0.0,0.0,48.09,62.77,7.0502,9.2026,48.09,0,1,48.09,48.09
D_missing_aware,854,202-18,normal,29,0.0,0.0,0.0,48.09,62.77,7.0502,9.2026,48.09,0,1,48.09,48.09
A_raw_zero,854,202-18,normal,30,0.0,0.0,48.6443,36.84,48.64,5.5932,7.3858,36.84,0,1,36.84,36.84
B_imputed,854,202-18,normal,30,0.0,0.0,48.6443,36.84,48.64,5.5932,7.3858,36.84,0,1,36.84,36.84
C_true_missing,854,202-18,normal,30,0.0,0.0,48.6443,36.84,48.64,5.5932,7.3858,36.84,0,1,36.84,36.84
D_missing_aware,854,202-18,normal,30,0.0,0.0,48.6443,36.84,48.64,5.5932,7.3858,36.84,0,1,36.84,36.84
A_raw_zero,854,202-18,normal,31,0.0,22.9722,26.9676,22.97,26.97,3.6082,4.2357,22.97,0,1,22.97,22.97
B_imputed,854,202-18,normal,31,0.0,22.9722,26.9676,22.97,26.97,3.6082,4.2357,22.97,0,1,22.97,22.97
C_true_missing,854,202-18,normal,31,0.0,22.9722,26.9676,22.97,26.97,3.6082,4.2357,22.97,0,1,22.97,22.97
D_missing_aware,854,202-18,normal,31,0.0,22.9722,26.9676,22.97,26.97,3.6082,4.2357,22.97,0,1,22.97,22.97
A_raw_zero,854,202-18,normal,32,0.0,15.8519,18.6605,15.85,18.66,2.5728,3.0287,15.85,0,1,15.85,15.85
B_imputed,854,202-18,normal,32,0.0,15.8519,18.6605,15.85,18.66,2.5728,3.0287,15.85,0,1,15.85,15.85
C_true_missing,854,202-18,normal,32,0.0,15.8519,18.6605,15.85,18.66,2.5728,3.0287,15.85,0,1,15.85,15.85
D_missing_aware,854,202-18,normal,32,0.0,15.8519,18.6605,15.85,18.66,2.5728,3.0287,15.85,0,1,15.85,15.85
A_raw_zero,8502,360-30,normal,28,0.0,0.0,0.0,0.0,0.0,0.0,0.0,0.0,0,0,0.0,0.0
B_imputed,8502,360-30,normal,28,0.0,0.0,0.0,24.0,32.0,81.0,108.0,24.0,0,1,24.0,24.0
C_true_missing,8502,360-30,normal,28,0.0,0.0,0.0,24.0,32.0,81.0,108.0,24.0,0,1,24.0,24.0
D_missing_aware,8502,360-30,normal,28,0.0,0.0,0.0,24.0,32.0,81.0,108.0,24.0,0,1,24.0,24.0
A_raw_zero,8502,360-30,normal,29,0.0,0.0,0.0,0.0,0.0,0.0,0.0,0.0,0,0,0.0,0.0
B_imputed,8502,360-30,normal,29,0.0,0.0,0.0,24.0,32.0,84.0,112.0,24.0,0,1,24.0,24.0
C_true_missing,8502,360-30,normal,29,0.0,0.0,0.0,24.0,32.0,84.0,112.0,24.0,0,1,24.0,24.0
D_missing_aware,8502,360-30,normal,29,0.0,0.0,0.0,24.0,32.0,84.0,112.0,24.0,0,1,24.0,24.0
A_raw_zero,8502,360-30,normal,30,0.0,0.0,0.0,0.0,0.0,0.0,0.0,0.0,0,0,0.0,0.0
B_imputed,8502,360-30,normal,30,0.0,0.0,0.0,24.0,32.0,87.0,116.0,24.0,0,1,24.0,24.0
C_true_missing,8502,360-30,normal,30,0.0,0.0,0.0,24.0,32.0,87.0,116.0,24.0,0,1,24.0,24.0
D_missing_aware,8502,360-30,normal,30,0.0,0.0,0.0,24.0,32.0,87.0,116.0,24.0,0,1,24.0,24.0
A_raw_zero,8502,360-30,normal,31,0.0,0.0,0.0,0.0,0.0,0.0,0.0,0.0,0,0,0.0,0.0
B_imputed,8502,360-30,normal,31,0.0,0.0,0.0,24.0,32.0,90.0,120.0,24.0,0,1,24.0,24.0
C_true_missing,8502,360-30,normal,31,0.0,0.0,0.0,24.0,32.0,90.0,120.0,24.0,0,1,24.0,24.0
D_missing_aware,8502,360-30,normal,31,0.0,0.0,0.0,24.0,32.0,90.0,120.0,24.0,0,1,24.0,24.0
A_raw_zero,8502,360-30,normal,32,0.0,0.0,0.0,0.0,0.0,0.0,0.0,0.0,0,0,0.0,0.0
B_imputed,8502,360-30,normal,32,0.0,0.0,0.0,24.0,32.0,93.0,124.0,24.0,0,1,24.0,24.0
C_true_missing,8502,360-30,normal,32,0.0,0.0,0.0,24.0,32.0,93.0,124.0,24.0,0,1,24.0,24.0
D_missing_aware,8502,360-30,normal,32,0.0,0.0,0.0,24.0,32.0,93.0,124.0,24.0,0,1,24.0,24.0
A_raw_zero,8502,360-30,normal,33,0.0,0.0,0.0,0.0,0.0,0.0,0.0,0.0,0,0,0.0,0.0
B_imputed,8502,360-30,normal,33,0.0,0.0,0.0,24.0,32.0,96.0,128.0,24.0,0,1,24.0,24.0
C_true_missing,8502,360-30,normal,33,0.0,0.0,0.0,24.0,32.0,96.0,128.0,24.0,0,1,24.0,24.0
D_missing_aware,8502,360-30,normal,33,0.0,0.0,0.0,24.0,32.0,96.0,128.0,24.0,0,1,24.0,24.0
A_raw_zero,1882,301-02,normal,28,0.0,0.0,0.0,0.0,0.0,0.0,0.0,0.0,0,0,0.0,0.0
B_imputed,1882,301-02,normal,28,0.0,0.0,0.0,0.0,0.0,0.0,0.0,0.0,0,0,0.0,0.0
C_true_missing,1882,301-02,normal,28,0.0,0.0,0.0,0.0,0.0,0.0,0.0,0.0,0,0,0.0,0.0
D_missing_aware,1882,301-02,normal,28,0.0,0.0,0.0,0.0,0.0,0.0,0.0,0.0,0,0,0.0,0.0
A_raw_zero,1882,301-02,normal,29,0.0,0.0,0.0,0.0,0.0,0.0,0.0,0.0,0,0,0.0,0.0
B_imputed,1882,301-02,normal,29,0.0,0.0,0.0,0.0,0.0,0.0,0.0,0.0,0,0,0.0,0.0
C_true_missing,1882,301-02,normal,29,0.0,0.0,0.0,0.0,0.0,0.0,0.0,0.0,0,0,0.0,0.0
D_missing_aware,1882,301-02,normal,29,0.0,0.0,0.0,0.0,0.0,0.0,0.0,0.0,0,0,0.0,0.0
A_raw_zero,1882,301-02,normal,30,0.0,0.0,0.0,0.0,0.0,0.0,0.0,0.0,0,0,0.0,0.0
B_imputed,1882,301-02,normal,30,0.0,0.0,0.0,0.0,0.0,0.0,0.0,0.0,0,0,0.0,0.0
C_true_missing,1882,301-02,normal,30,0.0,0.0,0.0,0.0,0.0,0.0,0.0,0.0,0,0,0.0,0.0
D_missing_aware,1882,301-02,normal,30,0.0,0.0,0.0,0.0,0.0,0.0,0.0,0.0,0,0,0.0,0.0
A_raw_zero,1882,301-02,normal,31,0.0,0.0,0.0,0.0,0.0,0.0,0.0,0.0,0,0,0.0,0.0
B_imputed,1882,301-02,normal,31,0.0,0.0,0.0,0.0,0.0,0.0,0.0,0.0,0,0,0.0,0.0
C_true_missing,1882,301-02,normal,31,0.0,0.0,0.0,0.0,0.0,0.0,0.0,0.0,0,0,0.0,0.0
D_missing_aware,1882,301-02,normal,31,0.0,0.0,0.0,0.0,0.0,0.0,0.0,0.0,0,0,0.0,0.0
A_raw_zero,1882,301-02,normal,32,0.0,0.0,0.0,0.0,0.0,0.0,0.0,0.0,0,0,0.0,0.0
B_imputed,1882,301-02,normal,32,0.0,0.0,0.0,0.0,0.0,0.0,0.0,0.0,0,0,0.0,0.0
C_true_missing,1882,301-02,normal,32,0.0,0.0,0.0,0.0,0.0,0.0,0.0,0.0,0,0,0.0,0.0
D_missing_aware,1882,301-02,normal,32,0.0,0.0,0.0,0.0,0.0,0.0,0.0,0.0,0,0,0.0,0.0
A_raw_zero,1882,301-02,normal,33,0.0,0.0,0.0,0.0,0.0,0.0,0.0,0.0,0,0,0.0,0.0
B_imputed,1882,301-02,normal,33,0.0,0.0,0.0,0.0,0.0,0.0,0.0,0.0,0,0,0.0,0.0
C_true_missing,1882,301-02,normal,33,0.0,0.0,0.0,0.0,0.0,0.0,0.0,0.0,0,0,0.0,0.0
D_missing_aware,1882,301-02,normal,33,0.0,0.0,0.0,0.0,0.0,0.0,0.0,0.0,0,0,0.0,0.0
A_raw_zero,14403,394-27,normal,17,0.0,7.8976,10.8635,67.13,92.34,3.2548,4.4771,67.13,0,1,67.13,67.13
B_imputed,14403,394-27,normal,17,0.0,7.8976,10.8635,67.13,92.34,3.2548,4.4771,67.13,0,1,67.13,67.13
C_true_missing,14403,394-27,normal,17,0.0,7.8976,10.8635,67.13,92.34,3.2548,4.4771,67.13,0,1,67.13,67.13
D_missing_aware,14403,394-27,normal,17,0.0,7.8976,10.8635,67.13,92.34,3.2548,4.4771,67.13,0,1,67.13,67.13
A_raw_zero,14403,394-27,normal,18,0.1569,0.4989,0.7882,4.24,7.49,0.2185,0.3857,4.24,0,1,4.24,4.24
B_imputed,14403,394-27,normal,18,0.1569,0.4989,0.7882,4.24,7.49,0.2185,0.3857,4.24,0,1,4.24,4.24
C_true_missing,14403,394-27,normal,18,0.1569,0.4989,0.7882,4.24,7.49,0.2185,0.3857,4.24,0,1,4.24,4.24
D_missing_aware,14403,394-27,normal,18,0.1569,0.4989,0.7882,4.24,7.49,0.2185,0.3857,4.24,0,1,4.24,4.24
A_raw_zero,14403,394-27,normal,19,0.0,32.9237,44.2317,32.92,44.23,1.7507,2.3521,32.92,0,1,32.92,32.92
B_imputed,14403,394-27,normal,19,0.0,32.9237,44.2317,32.92,44.23,1.7507,2.3521,32.92,0,1,32.92,32.92
C_true_missing,14403,394-27,normal,19,0.0,32.9237,44.2317,32.92,44.23,1.7507,2.3521,32.92,0,1,32.92,32.92
D_missing_aware,14403,394-27,normal,19,0.0,32.9237,44.2317,32.92,44.23,1.7507,2.3521,32.92,0,1,32.92,32.92
A_raw_zero,14403,394-27,normal,20,0.0,32.9237,44.2317,32.92,44.23,1.8027,2.4219,32.92,0,1,32.92,32.92
B_imputed,14403,394-27,normal,20,0.0,32.9237,44.2317,32.92,44.23,1.8027,2.4219,32.92,0,1,32.92,32.92
C_true_missing,14403,394-27,normal,20,0.0,32.9237,44.2317,32.92,44.23,1.8027,2.4219,32.92,0,1,32.92,32.92
D_missing_aware,14403,394-27,normal,20,0.0,32.9237,44.2317,32.92,44.23,1.8027,2.4219,32.92,0,1,32.92,32.92
A_raw_zero,14403,394-27,normal,21,10.3079,32.9237,0.9236,32.92,546.77,1.8976,31.514,32.92,0,1,32.92,32.92
B_imputed,14403,394-27,normal,21,10.3079,32.9237,0.9236,32.92,546.77,1.8976,31.514,32.92,0,1,32.92,32.92
C_true_missing,14403,394-27,normal,21,10.3079,32.9237,0.9236,32.92,546.77,1.8976,31.514,32.92,0,1,32.92,32.92
D_missing_aware,14403,394-27,normal,21,10.3079,32.9237,0.9236,32.92,546.77,1.8976,31.514,32.92,0,1,32.92,32.92
A_raw_zero,14403,394-27,normal,22,0.0,0.8638,0.8638,510.5,510.5,30.806,30.806,-510.5,1,0,1021.0,1531.5
B_imputed,14403,394-27,normal,22,0.0,0.8638,0.8638,510.5,510.5,30.806,30.806,-510.5,1,0,1021.0,1531.5
C_true_missing,14403,394-27,normal,22,0.0,0.8638,0.8638,510.5,510.5,30.806,30.806,-510.5,1,0,1021.0,1531.5
D_missing_aware,14403,394-27,normal,22,0.0,0.8638,0.8638,510.5,510.5,30.806,30.806,-510.5,1,0,1021.0,1531.5
A_raw_zero,273,344-06,normal,29,0.0,0.0,0.0,0.0,0.0,0.0,0.0,0.0,0,0,0.0,0.0
B_imputed,273,344-06,normal,29,0.0,0.0,0.0,0.0,0.0,0.0,0.0,0.0,0,0,0.0,0.0
C_true_missing,273,344-06,normal,29,0.0,0.0,0.0,0.0,0.0,0.0,0.0,0.0,0,0,0.0,0.0
D_missing_aware,273,344-06,normal,29,0.0,0.0,0.0,0.0,0.0,0.0,0.0,0.0,0,0,0.0,0.0
A_raw_zero,273,344-06,normal,30,0.0,0.0,0.0,7.55,10.07,1.9995,2.6661,7.55,0,1,7.55,7.55
B_imputed,273,344-06,normal,30,0.0,0.0,0.0,7.55,10.07,1.9995,2.6661,7.55,0,1,7.55,7.55
C_true_missing,273,344-06,normal,30,0.0,0.0,0.0,7.55,10.07,1.9995,2.6661,7.55,0,1,7.55,7.55
D_missing_aware,273,344-06,normal,30,0.0,0.0,0.0,7.55,10.07,1.9995,2.6661,7.55,0,1,7.55,7.55
A_raw_zero,273,344-06,normal,31,0.0,0.0,0.0,7.31,9.74,2.0018,2.669,7.31,0,1,7.31,7.31
B_imputed,273,344-06,normal,31,0.0,0.0,0.0,7.31,9.74,2.0018,2.669,7.31,0,1,7.31,7.31
C_true_missing,273,344-06,normal,31,0.0,0.0,0.0,7.31,9.74,2.0018,2.669,7.31,0,1,7.31,7.31
D_missing_aware,273,344-06,normal,31,0.0,0.0,0.0,7.31,9.74,2.0018,2.669,7.31,0,1,7.31,7.31
A_raw_zero,273,344-06,normal,32,0.0,0.0,0.2024,6.28,2.12,1.7783,0.6016,6.28,0,1,6.28,6.28
B_imputed,273,344-06,normal,32,0.0,0.0,0.2024,6.28,2.12,1.7783,0.6016,6.28,0,1,6.28,6.28
C_true_missing,273,344-06,normal,32,0.0,0.0,0.2024,6.28,2.12,1.7783,0.6016,6.28,0,1,6.28,6.28
D_missing_aware,273,344-06,normal,32,0.0,0.0,0.2024,6.28,2.12,1.7783,0.6016,6.28,0,1,6.28,6.28
A_raw_zero,273,344-06,normal,33,0.0,0.8095,0.8095,8.5,8.5,2.484,2.484,-8.5,1,0,17.0,25.5
B_imputed,273,344-06,normal,33,0.0,0.8095,0.8095,8.5,8.5,2.484,2.484,-8.5,1,0,17.0,25.5
C_true_missing,273,344-06,normal,33,0.0,0.8095,0.8095,8.5,8.5,2.484,2.484,-8.5,1,0,17.0,25.5
D_missing_aware,273,344-06,normal,33,0.0,0.8095,0.8095,8.5,8.5,2.484,2.484,-8.5,1,0,17.0,25.5
A_raw_zero,273,344-06,normal,34,0.0,0.8095,1.0769,8.5,14.0,2.5616,4.2192,-8.5,1,0,17.0,25.5
B_imputed,273,344-06,normal,34,0.0,0.8095,1.0769,8.5,14.0,2.5616,4.2192,-8.5,1,0,17.0,25.5
C_true_missing,273,344-06,normal,34,0.0,0.8095,1.0769,8.5,14.0,2.5616,4.2192,-8.5,1,0,17.0,25.5
D_missing_aware,273,344-06,normal,34,0.0,0.8095,1.0769,8.5,14.0,2.5616,4.2192,-8.5,1,0,17.0,25.5
A_raw_zero,176,345-65,normal,30,0.0,0.0,0.0,0.0,0.0,0.0,0.0,0.0,0,0,0.0,0.0
B_imputed,176,345-65,normal,30,0.0,0.0,0.0,0.0,0.0,0.0,0.0,0.0,0,0,0.0,0.0
C_true_missing,176,345-65,normal,30,0.0,0.0,0.0,0.0,0.0,0.0,0.0,0.0,0,0,0.0,0.0
D_missing_aware,176,345-65,normal,30,0.0,0.0,0.0,0.0,0.0,0.0,0.0,0.0,0,0,0.0,0.0
A_raw_zero,176,345-65,normal,31,0.0,0.0,0.0,0.0,0.0,0.0,0.0,0.0,0,0,0.0,0.0
B_imputed,176,345-65,normal,31,0.0,0.0,0.0,0.0,0.0,0.0,0.0,0.0,0,0,0.0,0.0
C_true_missing,176,345-65,normal,31,0.0,0.0,0.0,0.0,0.0,0.0,0.0,0.0,0,0,0.0,0.0
D_missing_aware,176,345-65,normal,31,0.0,0.0,0.0,0.0,0.0,0.0,0.0,0.0,0,0,0.0,0.0
A_raw_zero,176,345-65,normal,32,0.0,0.0,0.0,0.0,0.0,0.0,0.0,0.0,0,0,0.0,0.0
B_imputed,176,345-65,normal,32,0.0,0.0,0.0,0.0,0.0,0.0,0.0,0.0,0,0,0.0,0.0
C_true_missing,176,345-65,normal,32,0.0,0.0,0.0,0.0,0.0,0.0,0.0,0.0,0,0,0.0,0.0
D_missing_aware,176,345-65,normal,32,0.0,0.0,0.0,0.0,0.0,0.0,0.0,0.0,0,0,0.0,0.0
A_raw_zero,176,345-65,normal,33,0.0,0.0,0.0,0.0,0.0,0.0,0.0,0.0,0,0,0.0,0.0
B_imputed,176,345-65,normal,33,0.0,0.0,0.0,0.0,0.0,0.0,0.0,0.0,0,0,0.0,0.0
C_true_missing,176,345-65,normal,33,0.0,0.0,0.0,0.0,0.0,0.0,0.0,0.0,0,0,0.0,0.0
D_missing_aware,176,345-65,normal,33,0.0,0.0,0.0,0.0,0.0,0.0,0.0,0.0,0,0,0.0,0.0
A_raw_zero,176,345-65,normal,34,0.0,0.0,0.0,0.0,0.0,0.0,0.0,0.0,0,0,0.0,0.0
B_imputed,176,345-65,normal,34,0.0,0.0,0.0,0.0,0.0,0.0,0.0,0.0,0,0,0.0,0.0
C_true_missing,176,345-65,normal,34,0.0,0.0,0.0,0.0,0.0,0.0,0.0,0.0,0,0,0.0,0.0
D_missing_aware,176,345-65,normal,34,0.0,0.0,0.0,0.0,0.0,0.0,0.0,0.0,0,0,0.0,0.0
A_raw_zero,176,345-65,normal,35,0.0,0.0,0.0,0.0,0.0,0.0,0.0,0.0,0,0,0.0,0.0
B_imputed,176,345-65,normal,35,0.0,0.0,0.0,0.0,0.0,0.0,0.0,0.0,0,0,0.0,0.0
C_true_missing,176,345-65,normal,35,0.0,0.0,0.0,0.0,0.0,0.0,0.0,0.0,0,0,0.0,0.0
D_missing_aware,176,345-65,normal,35,0.0,0.0,0.0,0.0,0.0,0.0,0.0,0.0,0,0,0.0,0.0
A_raw_zero,15820,407-44,normal,21,0.0,0.0,0.0,0.0,0.0,0.0,0.0,0.0,0,0,0.0,0.0
B_imputed,15820,407-44,normal,21,0.0,0.0,0.0,0.0,0.0,0.0,0.0,0.0,0,0,0.0,0.0
C_true_missing,15820,407-44,normal,21,0.0,0.0,0.0,0.0,0.0,0.0,0.0,0.0,0,0,0.0,0.0
D_missing_aware,15820,407-44,normal,21,0.0,0.0,0.0,0.0,0.0,0.0,0.0,0.0,0,0,0.0,0.0
A_raw_zero,15820,407-44,normal,22,0.0,0.0,0.0,0.0,0.0,0.0,0.0,0.0,0,0,0.0,0.0
B_imputed,15820,407-44,normal,22,0.0,0.0,0.0,0.0,0.0,0.0,0.0,0.0,0,0,0.0,0.0
C_true_missing,15820,407-44,normal,22,0.0,0.0,0.0,0.0,0.0,0.0,0.0,0.0,0,0,0.0,0.0
D_missing_aware,15820,407-44,normal,22,0.0,0.0,0.0,0.0,0.0,0.0,0.0,0.0,0,0,0.0,0.0
A_raw_zero,15820,407-44,normal,23,0.0,0.0,0.0,2.11,2.46,0.8426,0.983,2.11,0,1,2.11,2.11
B_imputed,15820,407-44,normal,23,0.0,0.0,0.0,2.11,2.46,0.8426,0.983,2.11,0,1,2.11,2.11
C_true_missing,15820,407-44,normal,23,0.0,0.0,0.0,2.11,2.46,0.8426,0.983,2.11,0,1,2.11,2.11
D_missing_aware,15820,407-44,normal,23,0.0,0.0,0.0,2.11,2.46,0.8426,0.983,2.11,0,1,2.11,2.11
A_raw_zero,15820,407-44,normal,24,0.0,0.0,0.0,1.13,1.32,0.4743,0.5534,1.13,0,1,1.13,1.13
B_imputed,15820,407-44,normal,24,0.0,0.0,0.0,1.13,1.32,0.4743,0.5534,1.13,0,1,1.13,1.13
C_true_missing,15820,407-44,normal,24,0.0,0.0,0.0,1.13,1.32,0.4743,0.5534,1.13,0,1,1.13,1.13
D_missing_aware,15820,407-44,normal,24,0.0,0.0,0.0,1.13,1.32,0.4743,0.5534,1.13,0,1,1.13,1.13
A_raw_zero,15820,407-44,normal,25,0.0,0.0,0.0,0.0,0.0,0.0,0.0,0.0,0,0,0.0,0.0
B_imputed,15820,407-44,normal,25,0.0,0.0,0.0,0.0,0.0,0.0,0.0,0.0,0,0,0.0,0.0
C_true_missing,15820,407-44,normal,25,0.0,0.0,0.0,0.0,0.0,0.0,0.0,0.0,0,0,0.0,0.0
D_missing_aware,15820,407-44,normal,25,0.0,0.0,0.0,0.0,0.0,0.0,0.0,0.0,0,0,0.0,0.0
A_raw_zero,15820,407-44,normal,26,0.0,0.0,0.0,0.0,0.0,0.0,0.0,0.0,0,0,0.0,0.0
B_imputed,15820,407-44,normal,26,0.0,0.0,0.0,0.0,0.0,0.0,0.0,0.0,0,0,0.0,0.0
C_true_missing,15820,407-44,normal,26,0.0,0.0,0.0,0.0,0.0,0.0,0.0,0.0,0,0,0.0,0.0
D_missing_aware,15820,407-44,normal,26,0.0,0.0,0.0,0.0,0.0,0.0,0.0,0.0,0,0,0.0,0.0
A_raw_zero,790,324-53,normal,31,0.0,0.0,0.0,0.0,0.0,0.0,0.0,0.0,0,0,0.0,0.0
B_imputed,790,324-53,normal,31,0.0,0.0,0.0,0.0,0.0,0.0,0.0,0.0,0,0,0.0,0.0
C_true_missing,790,324-53,normal,31,0.0,0.0,0.0,0.0,0.0,0.0,0.0,0.0,0,0,0.0,0.0
D_missing_aware,790,324-53,normal,31,0.0,0.0,0.0,0.0,0.0,0.0,0.0,0.0,0,0,0.0,0.0
A_raw_zero,790,324-53,normal,32,0.0,0.0,0.0,0.0,0.0,0.0,0.0,0.0,0,0,0.0,0.0
B_imputed,790,324-53,normal,32,0.0,0.0,0.0,0.0,0.0,0.0,0.0,0.0,0,0,0.0,0.0
C_true_missing,790,324-53,normal,32,0.0,0.0,0.0,0.0,0.0,0.0,0.0,0.0,0,0,0.0,0.0
D_missing_aware,790,324-53,normal,32,0.0,0.0,0.0,0.0,0.0,0.0,0.0,0.0,0,0,0.0,0.0
A_raw_zero,790,324-53,normal,33,0.0,0.0,0.0,0.0,0.0,0.0,0.0,0.0,0,0,0.0,0.0
B_imputed,790,324-53,normal,33,0.0,0.0,0.0,0.0,0.0,0.0,0.0,0.0,0,0,0.0,0.0
C_true_missing,790,324-53,normal,33,0.0,0.0,0.0,0.0,0.0,0.0,0.0,0.0,0,0,0.0,0.0
D_missing_aware,790,324-53,normal,33,0.0,0.0,0.0,0.0,0.0,0.0,0.0,0.0,0,0,0.0,0.0
A_raw_zero,790,324-53,normal,34,0.0,0.0,0.0,0.0,0.0,0.0,0.0,0.0,0,0,0.0,0.0
B_imputed,790,324-53,normal,34,0.0,0.0,0.0,0.0,0.0,0.0,0.0,0.0,0,0,0.0,0.0
C_true_missing,790,324-53,normal,34,0.0,0.0,0.0,0.0,0.0,0.0,0.0,0.0,0,0,0.0,0.0
D_missing_aware,790,324-53,normal,34,0.0,0.0,0.0,0.0,0.0,0.0,0.0,0.0,0,0,0.0,0.0
A_raw_zero,790,324-53,normal,35,0.0,0.0,0.0,0.0,0.0,0.0,0.0,0.0,0,0,0.0,0.0
B_imputed,790,324-53,normal,35,0.0,0.0,0.0,0.0,0.0,0.0,0.0,0.0,0,0,0.0,0.0
C_true_missing,790,324-53,normal,35,0.0,0.0,0.0,0.0,0.0,0.0,0.0,0.0,0,0,0.0,0.0
D_missing_aware,790,324-53,normal,35,0.0,0.0,0.0,0.0,0.0,0.0,0.0,0.0,0,0,0.0,0.0
A_raw_zero,790,324-53,normal,36,0.0,0.0,0.0,0.0,0.0,0.0,0.0,0.0,0,0,0.0,0.0
B_imputed,790,324-53,normal,36,0.0,0.0,0.0,0.0,0.0,0.0,0.0,0.0,0,0,0.0,0.0
C_true_missing,790,324-53,normal,36,0.0,0.0,0.0,0.0,0.0,0.0,0.0,0.0,0,0,0.0,0.0
D_missing_aware,790,324-53,normal,36,0.0,0.0,0.0,0.0,0.0,0.0,0.0,0.0,0,0,0.0,0.0
A_raw_zero,576,1104-15,normal,31,0.0,0.0,0.0,0.0,0.0,0.0,0.0,0.0,0,0,0.0,0.0
B_imputed,576,1104-15,normal,31,0.0,0.0,0.0,0.0,0.0,0.0,0.0,0.0,0,0,0.0,0.0
C_true_missing,576,1104-15,normal,31,0.0,0.0,0.0,0.0,0.0,0.0,0.0,0.0,0,0,0.0,0.0
D_missing_aware,576,1104-15,normal,31,0.0,0.0,0.0,0.0,0.0,0.0,0.0,0.0,0,0,0.0,0.0
A_raw_zero,576,1104-15,normal,32,0.0,0.0,0.0,0.0,0.0,0.0,0.0,0.0,0,0,0.0,0.0
B_imputed,576,1104-15,normal,32,0.0,0.0,0.0,0.0,0.0,0.0,0.0,0.0,0,0,0.0,0.0
C_true_missing,576,1104-15,normal,32,0.0,0.0,0.0,0.0,0.0,0.0,0.0,0.0,0,0,0.0,0.0
D_missing_aware,576,1104-15,normal,32,0.0,0.0,0.0,0.0,0.0,0.0,0.0,0.0,0,0,0.0,0.0
A_raw_zero,576,1104-15,normal,33,0.0,0.0,1.0,0.0,3.0,0.0,0.6486,0.0,0,0,0.0,0.0
B_imputed,576,1104-15,normal,33,0.0,0.0,1.0,0.0,3.0,0.0,0.6486,0.0,0,0,0.0,0.0
C_true_missing,576,1104-15,normal,33,0.0,0.0,1.0,0.0,3.0,0.0,0.6486,0.0,0,0,0.0,0.0
D_missing_aware,576,1104-15,normal,33,0.0,0.0,1.0,0.0,3.0,0.0,0.6486,0.0,0,0,0.0,0.0
A_raw_zero,576,1104-15,normal,34,0.0,1.0,1.0,3.0,3.0,0.6689,0.6689,-3.0,1,0,6.0,9.0
B_imputed,576,1104-15,normal,34,0.0,1.0,1.0,3.0,3.0,0.6689,0.6689,-3.0,1,0,6.0,9.0
C_true_missing,576,1104-15,normal,34,0.0,1.0,1.0,3.0,3.0,0.6689,0.6689,-3.0,1,0,6.0,9.0
D_missing_aware,576,1104-15,normal,34,0.0,1.0,1.0,3.0,3.0,0.6689,0.6689,-3.0,1,0,6.0,9.0
A_raw_zero,576,1104-15,normal,35,0.0,1.0,1.0,3.0,3.0,0.6892,0.6892,-3.0,1,0,6.0,9.0
B_imputed,576,1104-15,normal,35,0.0,1.0,1.0,3.0,3.0,0.6892,0.6892,-3.0,1,0,6.0,9.0
C_true_missing,576,1104-15,normal,35,0.0,1.0,1.0,3.0,3.0,0.6892,0.6892,-3.0,1,0,6.0,9.0
D_missing_aware,576,1104-15,normal,35,0.0,1.0,1.0,3.0,3.0,0.6892,0.6892,-3.0,1,0,6.0,9.0
A_raw_zero,576,1104-15,normal,36,1.0,1.0,1.0,3.0,3.0,0.7095,0.7095,-3.0,1,0,6.0,9.0
B_imputed,576,1104-15,normal,36,1.0,1.0,1.0,3.0,3.0,0.7095,0.7095,-3.0,1,0,6.0,9.0
C_true_missing,576,1104-15,normal,36,1.0,1.0,1.0,3.0,3.0,0.7095,0.7095,-3.0,1,0,6.0,9.0
D_missing_aware,576,1104-15,normal,36,1.0,1.0,1.0,3.0,3.0,0.7095,0.7095,-3.0,1,0,6.0,9.0
A_raw_zero,292,344-25,normal,28,1.0,1.0,1.0,56.0,56.0,5.1429,5.1429,-56.0,1,0,112.0,168.0
B_imputed,292,344-25,normal,28,1.0,1.0,1.0,56.0,56.0,5.1429,5.1429,-56.0,1,0,112.0,168.0
C_true_missing,292,344-25,normal,28,1.0,1.0,1.0,56.0,56.0,5.1429,5.1429,-56.0,1,0,112.0,168.0
D_missing_aware,292,344-25,normal,28,1.0,1.0,1.0,56.0,56.0,5.1429,5.1429,-56.0,1,0,112.0,168.0
A_raw_zero,292,344-25,normal,29,3.1667,14.625,19.3125,87.75,115.88,4.7988,6.3369,87.75,0,1,87.75,87.75
B_imputed,292,344-25,normal,29,3.1667,14.625,19.3125,87.75,115.88,4.7988,6.3369,87.75,0,1,87.75,87.75
C_true_missing,292,344-25,normal,29,3.1667,14.625,19.3125,87.75,115.88,4.7988,6.3369,87.75,0,1,87.75,87.75
D_missing_aware,292,344-25,normal,29,3.1667,14.625,19.3125,87.75,115.88,4.7988,6.3369,87.75,0,1,87.75,87.75
A_raw_zero,292,344-25,normal,30,0.0,0.0,0.0,56.5,70.75,2.9469,3.6902,56.5,0,1,56.5,56.5
B_imputed,292,344-25,normal,30,0.0,0.0,0.0,56.5,70.75,2.9469,3.6902,56.5,0,1,56.5,56.5
C_true_missing,292,344-25,normal,30,0.0,0.0,0.0,56.5,70.75,2.9469,3.6902,56.5,0,1,56.5,56.5
D_missing_aware,292,344-25,normal,30,0.0,0.0,0.0,56.5,70.75,2.9469,3.6902,56.5,0,1,56.5,56.5
A_raw_zero,292,344-25,normal,31,0.0,0.0,0.0,34.39,45.86,1.836,2.448,34.39,0,1,34.39,34.39
B_imputed,292,344-25,normal,31,0.0,0.0,0.0,34.39,45.86,1.836,2.448,34.39,0,1,34.39,34.39
C_true_missing,292,344-25,normal,31,0.0,0.0,0.0,34.39,45.86,1.836,2.448,34.39,0,1,34.39,34.39
D_missing_aware,292,344-25,normal,31,0.0,0.0,0.0,34.39,45.86,1.836,2.448,34.39,0,1,34.39,34.39
A_raw_zero,292,344-25,normal,32,0.0,0.0,0.0,34.39,45.86,1.8972,2.5296,34.39,0,1,34.39,34.39
B_imputed,292,344-25,normal,32,0.0,0.0,0.0,34.39,45.86,1.8972,2.5296,34.39,0,1,34.39,34.39
C_true_missing,292,344-25,normal,32,0.0,0.0,0.0,34.39,45.86,1.8972,2.5296,34.39,0,1,34.39,34.39
D_missing_aware,292,344-25,normal,32,0.0,0.0,0.0,34.39,45.86,1.8972,2.5296,34.39,0,1,34.39,34.39
A_raw_zero,292,344-25,normal,33,0.0,0.0,0.0,34.39,45.86,1.9584,2.6112,34.39,0,1,34.39,34.39
B_imputed,292,344-25,normal,33,0.0,0.0,0.0,34.39,45.86,1.9584,2.6112,34.39,0,1,34.39,34.39
C_true_missing,292,344-25,normal,33,0.0,0.0,0.0,34.39,45.86,1.9584,2.6112,34.39,0,1,34.39,34.39
D_missing_aware,292,344-25,normal,33,0.0,0.0,0.0,34.39,45.86,1.9584,2.6112,34.39,0,1,34.39,34.39
A_raw_zero,5761,362-26,normal,28,0.0,0.0,0.0,0.0,0.0,0.0,0.0,0.0,0,0,0.0,0.0
B_imputed,5761,362-26,normal,28,0.0,0.0,0.0,0.0,0.0,0.0,0.0,0.0,0,0,0.0,0.0
C_true_missing,5761,362-26,normal,28,0.0,0.0,0.0,0.0,0.0,0.0,0.0,0.0,0,0,0.0,0.0
D_missing_aware,5761,362-26,normal,28,0.0,0.0,0.0,0.0,0.0,0.0,0.0,0.0,0,0,0.0,0.0
A_raw_zero,5761,362-26,normal,29,0.0,0.0,0.0,0.0,0.0,0.0,0.0,0.0,0,0,0.0,0.0
B_imputed,5761,362-26,normal,29,0.0,0.0,0.0,0.0,0.0,0.0,0.0,0.0,0,0,0.0,0.0
C_true_missing,5761,362-26,normal,29,0.0,0.0,0.0,0.0,0.0,0.0,0.0,0.0,0,0,0.0,0.0
D_missing_aware,5761,362-26,normal,29,0.0,0.0,0.0,0.0,0.0,0.0,0.0,0.0,0,0,0.0,0.0
A_raw_zero,5761,362-26,normal,30,0.0,0.0,0.0,0.0,0.0,0.0,0.0,0.0,0,0,0.0,0.0
B_imputed,5761,362-26,normal,30,0.0,0.0,0.0,0.0,0.0,0.0,0.0,0.0,0,0,0.0,0.0
C_true_missing,5761,362-26,normal,30,0.0,0.0,0.0,0.0,0.0,0.0,0.0,0.0,0,0,0.0,0.0
D_missing_aware,5761,362-26,normal,30,0.0,0.0,0.0,0.0,0.0,0.0,0.0,0.0,0,0,0.0,0.0
A_raw_zero,5761,362-26,normal,31,0.0,0.0,0.0,0.0,0.0,0.0,0.0,0.0,0,0,0.0,0.0
B_imputed,5761,362-26,normal,31,0.0,0.0,0.0,0.0,0.0,0.0,0.0,0.0,0,0,0.0,0.0
C_true_missing,5761,362-26,normal,31,0.0,0.0,0.0,0.0,0.0,0.0,0.0,0.0,0,0,0.0,0.0
D_missing_aware,5761,362-26,normal,31,0.0,0.0,0.0,0.0,0.0,0.0,0.0,0.0,0,0,0.0,0.0
A_raw_zero,5761,362-26,normal,32,0.0,0.0,0.0,0.0,0.0,0.0,0.0,0.0,0,0,0.0,0.0
B_imputed,5761,362-26,normal,32,0.0,0.0,0.0,0.0,0.0,0.0,0.0,0.0,0,0,0.0,0.0
C_true_missing,5761,362-26,normal,32,0.0,0.0,0.0,0.0,0.0,0.0,0.0,0.0,0,0,0.0,0.0
D_missing_aware,5761,362-26,normal,32,0.0,0.0,0.0,0.0,0.0,0.0,0.0,0.0,0,0,0.0,0.0
A_raw_zero,5761,362-26,normal,33,0.0,0.0,0.0,0.0,0.0,0.0,0.0,0.0,0,0,0.0,0.0
B_imputed,5761,362-26,normal,33,0.0,0.0,0.0,0.0,0.0,0.0,0.0,0.0,0,0,0.0,0.0
C_true_missing,5761,362-26,normal,33,0.0,0.0,0.0,0.0,0.0,0.0,0.0,0.0,0,0,0.0,0.0
D_missing_aware,5761,362-26,normal,33,0.0,0.0,0.0,0.0,0.0,0.0,0.0,0.0,0,0,0.0,0.0
A_raw_zero,1552,201-11 CC,normal,31,1.2229,1.4109,1.4889,241.97,329.79,1.5655,2.1336,241.97,0,1,241.97,241.97
B_imputed,1552,201-11 CC,normal,31,1.2229,1.4109,1.4889,241.97,329.79,1.5655,2.1336,241.97,0,1,241.97,241.97
C_true_missing,1552,201-11 CC,normal,31,1.2229,1.4109,1.4889,241.97,329.79,1.5655,2.1336,241.97,0,1,241.97,241.97
D_missing_aware,1552,201-11 CC,normal,31,1.2229,1.4109,1.4889,241.97,329.79,1.5655,2.1336,241.97,0,1,241.97,241.97
A_raw_zero,1552,201-11 CC,normal,32,0.2962,1.5477,2.3969,246.86,382.31,1.647,2.5507,246.86,0,1,246.86,246.86
B_imputed,1552,201-11 CC,normal,32,0.2962,1.5477,2.3969,246.86,382.31,1.647,2.5507,246.86,0,1,246.86,246.86
C_true_missing,1552,201-11 CC,normal,32,0.2962,1.5477,2.3969,246.86,382.31,1.647,2.5507,246.86,0,1,246.86,246.86
D_missing_aware,1552,201-11 CC,normal,32,0.2962,1.5477,2.3969,246.86,382.31,1.647,2.5507,246.86,0,1,246.86,246.86
A_raw_zero,1552,201-11 CC,normal,33,25.903,6.3372,8.7829,348.55,483.06,2.3786,3.2966,348.55,0,1,348.55,348.55
B_imputed,1552,201-11 CC,normal,33,25.903,6.3372,8.7829,348.55,483.06,2.3786,3.2966,348.55,0,1,348.55,348.55
C_true_missing,1552,201-11 CC,normal,33,25.903,6.3372,8.7829,348.55,483.06,2.3786,3.2966,348.55,0,1,348.55,348.55
D_missing_aware,1552,201-11 CC,normal,33,25.903,6.3372,8.7829,348.55,483.06,2.3786,3.2966,348.55,0,1,348.55,348.55
A_raw_zero,1552,201-11 CC,normal,34,1.6141,6.8424,3.9091,342.12,416.32,2.3577,2.8691,342.12,0,1,342.12,342.12
B_imputed,1552,201-11 CC,normal,34,1.6141,6.8424,3.9091,342.12,416.32,2.3577,2.8691,342.12,0,1,342.12,342.12
C_true_missing,1552,201-11 CC,normal,34,1.6141,6.8424,3.9091,342.12,416.32,2.3577,2.8691,342.12,0,1,342.12,342.12
D_missing_aware,1552,201-11 CC,normal,34,1.6141,6.8424,3.9091,342.12,416.32,2.3577,2.8691,342.12,0,1,342.12,342.12
A_raw_zero,1552,201-11 CC,normal,35,0.0,2.4779,1.9605,140.0,173.5,0.9848,1.2204,140.0,0,1,140.0,140.0
B_imputed,1552,201-11 CC,normal,35,0.0,2.4779,1.9605,140.0,173.5,0.9848,1.2204,140.0,0,1,140.0,140.0
C_true_missing,1552,201-11 CC,normal,35,0.0,2.4779,1.9605,140.0,173.5,0.9848,1.2204,140.0,0,1,140.0,140.0
D_missing_aware,1552,201-11 CC,normal,35,0.0,2.4779,1.9605,140.0,173.5,0.9848,1.2204,140.0,0,1,140.0,140.0
A_raw_zero,1552,201-11 CC,normal,36,0.0,1.161,0.4448,102.75,78.5,0.7364,0.5626,102.75,0,1,102.75,102.75
B_imputed,1552,201-11 CC,normal,36,0.0,1.161,0.4448,102.75,78.5,0.7364,0.5626,102.75,0,1,102.75,102.75
C_true_missing,1552,201-11 CC,normal,36,0.0,1.161,0.4448,102.75,78.5,0.7364,0.5626,102.75,0,1,102.75,102.75
D_missing_aware,1552,201-11 CC,normal,36,0.0,1.161,0.4448,102.75,78.5,0.7364,0.5626,102.75,0,1,102.75,102.75
A_raw_zero,6127,367-13,normal,31,0.0,0.0,0.0,0.0,0.0,0.0,0.0,0.0,0,0,0.0,0.0
B_imputed,6127,367-13,normal,31,0.0,0.0,0.0,0.0,0.0,0.0,0.0,0.0,0,0,0.0,0.0
C_true_missing,6127,367-13,normal,31,0.0,0.0,0.0,0.0,0.0,0.0,0.0,0.0,0,0,0.0,0.0
D_missing_aware,6127,367-13,normal,31,0.0,0.0,0.0,0.0,0.0,0.0,0.0,0.0,0,0,0.0,0.0
A_raw_zero,6127,367-13,normal,32,0.0,0.0,0.0,0.0,0.0,0.0,0.0,0.0,0,0,0.0,0.0
B_imputed,6127,367-13,normal,32,0.0,0.0,0.0,0.0,0.0,0.0,0.0,0.0,0,0,0.0,0.0
C_true_missing,6127,367-13,normal,32,0.0,0.0,0.0,0.0,0.0,0.0,0.0,0.0,0,0,0.0,0.0
D_missing_aware,6127,367-13,normal,32,0.0,0.0,0.0,0.0,0.0,0.0,0.0,0.0,0,0,0.0,0.0
A_raw_zero,6127,367-13,normal,33,0.0,0.0,0.0,0.0,0.0,0.0,0.0,0.0,0,0,0.0,0.0
B_imputed,6127,367-13,normal,33,0.0,0.0,0.0,0.0,0.0,0.0,0.0,0.0,0,0,0.0,0.0
C_true_missing,6127,367-13,normal,33,0.0,0.0,0.0,0.0,0.0,0.0,0.0,0.0,0,0,0.0,0.0
D_missing_aware,6127,367-13,normal,33,0.0,0.0,0.0,0.0,0.0,0.0,0.0,0.0,0,0,0.0,0.0
A_raw_zero,6127,367-13,normal,34,0.0,0.0,0.0,0.0,0.0,0.0,0.0,0.0,0,0,0.0,0.0
B_imputed,6127,367-13,normal,34,0.0,0.0,0.0,0.0,0.0,0.0,0.0,0.0,0,0,0.0,0.0
C_true_missing,6127,367-13,normal,34,0.0,0.0,0.0,0.0,0.0,0.0,0.0,0.0,0,0,0.0,0.0
D_missing_aware,6127,367-13,normal,34,0.0,0.0,0.0,0.0,0.0,0.0,0.0,0.0,0,0,0.0,0.0
A_raw_zero,6127,367-13,normal,35,0.0,0.0,0.0,0.0,0.0,0.0,0.0,0.0,0,0,0.0,0.0
B_imputed,6127,367-13,normal,35,0.0,0.0,0.0,0.0,0.0,0.0,0.0,0.0,0,0,0.0,0.0
C_true_missing,6127,367-13,normal,35,0.0,0.0,0.0,0.0,0.0,0.0,0.0,0.0,0,0,0.0,0.0
D_missing_aware,6127,367-13,normal,35,0.0,0.0,0.0,0.0,0.0,0.0,0.0,0.0,0,0,0.0,0.0
A_raw_zero,6127,367-13,normal,36,0.0,0.0,0.0,0.0,0.0,0.0,0.0,0.0,0,0,0.0,0.0
B_imputed,6127,367-13,normal,36,0.0,0.0,0.0,0.0,0.0,0.0,0.0,0.0,0,0,0.0,0.0
C_true_missing,6127,367-13,normal,36,0.0,0.0,0.0,0.0,0.0,0.0,0.0,0.0,0,0,0.0,0.0
D_missing_aware,6127,367-13,normal,36,0.0,0.0,0.0,0.0,0.0,0.0,0.0,0.0,0,0,0.0,0.0
A_raw_zero,5230,355-38,normal,31,0.0,0.0,0.0,0.0,0.0,0.0,0.0,0.0,0,0,0.0,0.0
B_imputed,5230,355-38,normal,31,0.0,0.0,0.0,0.0,0.0,0.0,0.0,0.0,0,0,0.0,0.0
C_true_missing,5230,355-38,normal,31,0.0,0.0,0.0,0.0,0.0,0.0,0.0,0.0,0,0,0.0,0.0
D_missing_aware,5230,355-38,normal,31,0.0,0.0,0.0,0.0,0.0,0.0,0.0,0.0,0,0,0.0,0.0
A_raw_zero,5230,355-38,normal,32,0.0,0.0,0.0,0.0,0.0,0.0,0.0,0.0,0,0,0.0,0.0
B_imputed,5230,355-38,normal,32,0.0,0.0,0.0,0.0,0.0,0.0,0.0,0.0,0,0,0.0,0.0
C_true_missing,5230,355-38,normal,32,0.0,0.0,0.0,0.0,0.0,0.0,0.0,0.0,0,0,0.0,0.0
D_missing_aware,5230,355-38,normal,32,0.0,0.0,0.0,0.0,0.0,0.0,0.0,0.0,0,0,0.0,0.0
A_raw_zero,5230,355-38,normal,33,0.0,0.0,0.0,0.0,0.0,0.0,0.0,0.0,0,0,0.0,0.0
B_imputed,5230,355-38,normal,33,0.0,0.0,0.0,0.0,0.0,0.0,0.0,0.0,0,0,0.0,0.0
C_true_missing,5230,355-38,normal,33,0.0,0.0,0.0,0.0,0.0,0.0,0.0,0.0,0,0,0.0,0.0
D_missing_aware,5230,355-38,normal,33,0.0,0.0,0.0,0.0,0.0,0.0,0.0,0.0,0,0,0.0,0.0
A_raw_zero,5230,355-38,normal,34,0.0,0.0,0.0,0.0,0.0,0.0,0.0,0.0,0,0,0.0,0.0
B_imputed,5230,355-38,normal,34,0.0,0.0,0.0,0.0,0.0,0.0,0.0,0.0,0,0,0.0,0.0
C_true_missing,5230,355-38,normal,34,0.0,0.0,0.0,0.0,0.0,0.0,0.0,0.0,0,0,0.0,0.0
D_missing_aware,5230,355-38,normal,34,0.0,0.0,0.0,0.0,0.0,0.0,0.0,0.0,0,0,0.0,0.0
A_raw_zero,5230,355-38,normal,35,0.0,0.0,0.0,0.0,0.0,0.0,0.0,0.0,0,0,0.0,0.0
B_imputed,5230,355-38,normal,35,0.0,0.0,0.0,0.0,0.0,0.0,0.0,0.0,0,0,0.0,0.0
C_true_missing,5230,355-38,normal,35,0.0,0.0,0.0,0.0,0.0,0.0,0.0,0.0,0,0,0.0,0.0
D_missing_aware,5230,355-38,normal,35,0.0,0.0,0.0,0.0,0.0,0.0,0.0,0.0,0,0,0.0,0.0
A_raw_zero,5230,355-38,normal,36,0.0,0.0,0.0,0.0,0.0,0.0,0.0,0.0,0,0,0.0,0.0
B_imputed,5230,355-38,normal,36,0.0,0.0,0.0,0.0,0.0,0.0,0.0,0.0,0,0,0.0,0.0
C_true_missing,5230,355-38,normal,36,0.0,0.0,0.0,0.0,0.0,0.0,0.0,0.0,0,0,0.0,0.0
D_missing_aware,5230,355-38,normal,36,0.0,0.0,0.0,0.0,0.0,0.0,0.0,0.0,0,0,0.0,0.0
A_raw_zero,4827,1706-05,normal,11,0.0,0.0,0.0,0.0,0.0,0.0,0.0,0.0,0,0,0.0,0.0
B_imputed,4827,1706-05,normal,11,0.0,0.0,0.0,66.0,88.0,30.0,40.0,66.0,0,1,66.0,66.0
C_true_missing,4827,1706-05,normal,11,0.0,0.0,0.0,66.0,88.0,30.0,40.0,66.0,0,1,66.0,66.0
D_missing_aware,4827,1706-05,normal,11,0.0,0.0,0.0,66.0,88.0,30.0,40.0,66.0,0,1,66.0,66.0
A_raw_zero,4827,1706-05,normal,12,0.0,0.0,0.0,0.0,0.0,0.0,0.0,0.0,0,0,0.0,0.0
B_imputed,4827,1706-05,normal,12,0.0,0.0,0.0,66.0,88.0,33.0,44.0,66.0,0,1,66.0,66.0
C_true_missing,4827,1706-05,normal,12,0.0,0.0,0.0,66.0,88.0,33.0,44.0,66.0,0,1,66.0,66.0
D_missing_aware,4827,1706-05,normal,12,0.0,0.0,0.0,66.0,88.0,33.0,44.0,66.0,0,1,66.0,66.0
A_raw_zero,4827,1706-05,normal,13,0.0,0.0,0.0,0.0,0.0,0.0,0.0,0.0,0,0,0.0,0.0
B_imputed,4827,1706-05,normal,13,0.0,0.0,0.0,66.0,88.0,36.0,48.0,66.0,0,1,66.0,66.0
C_true_missing,4827,1706-05,normal,13,0.0,0.0,0.0,66.0,88.0,36.0,48.0,66.0,0,1,66.0,66.0
D_missing_aware,4827,1706-05,normal,13,0.0,0.0,0.0,66.0,88.0,36.0,48.0,66.0,0,1,66.0,66.0
A_raw_zero,4827,1706-05,normal,14,0.0,0.0,0.0,0.0,0.0,0.0,0.0,0.0,0,0,0.0,0.0
B_imputed,4827,1706-05,normal,14,0.0,0.0,0.0,66.0,88.0,39.0,52.0,66.0,0,1,66.0,66.0
C_true_missing,4827,1706-05,normal,14,0.0,0.0,0.0,66.0,88.0,39.0,52.0,66.0,0,1,66.0,66.0
D_missing_aware,4827,1706-05,normal,14,0.0,0.0,0.0,66.0,88.0,39.0,52.0,66.0,0,1,66.0,66.0
A_raw_zero,4827,1706-05,normal,15,0.0,0.0,0.0,0.0,0.0,0.0,0.0,0.0,0,0,0.0,0.0
B_imputed,4827,1706-05,normal,15,0.0,0.0,0.0,66.0,88.0,42.0,56.0,66.0,0,1,66.0,66.0
C_true_missing,4827,1706-05,normal,15,0.0,0.0,0.0,66.0,88.0,42.0,56.0,66.0,0,1,66.0,66.0
D_missing_aware,4827,1706-05,normal,15,0.0,0.0,0.0,66.0,88.0,42.0,56.0,66.0,0,1,66.0,66.0
A_raw_zero,4827,1706-05,normal,16,0.0,0.0,0.0,0.0,0.0,0.0,0.0,0.0,0,0,0.0,0.0
B_imputed,4827,1706-05,normal,16,0.0,0.0,0.0,66.0,88.0,45.0,60.0,66.0,0,1,66.0,66.0
C_true_missing,4827,1706-05,normal,16,0.0,0.0,0.0,66.0,88.0,45.0,60.0,66.0,0,1,66.0,66.0
D_missing_aware,4827,1706-05,normal,16,0.0,0.0,0.0,66.0,88.0,45.0,60.0,66.0,0,1,66.0,66.0
A_raw_zero,10430,Lee Cooper Ladies 3 Hands Fn Silver&Blue (LC07824.380),normal,24,0.0,0.0,0.0,0.0,0.0,0.0,0.0,0.0,0,0,0.0,0.0
B_imputed,10430,Lee Cooper Ladies 3 Hands Fn Silver&Blue (LC07824.380),normal,24,0.0,0.0,0.0,6.0,8.0,19.7143,26.2857,6.0,0,1,6.0,6.0
C_true_missing,10430,Lee Cooper Ladies 3 Hands Fn Silver&Blue (LC07824.380),normal,24,0.0,0.0,0.0,6.0,8.0,19.7143,26.2857,6.0,0,1,6.0,6.0
D_missing_aware,10430,Lee Cooper Ladies 3 Hands Fn Silver&Blue (LC07824.380),normal,24,0.0,0.0,0.0,3.0,4.0,9.8571,13.1429,3.0,0,1,3.0,3.0
A_raw_zero,10430,Lee Cooper Ladies 3 Hands Fn Silver&Blue (LC07824.380),normal,25,0.0,0.0,0.0,0.0,0.0,0.0,0.0,0.0,0,0,0.0,0.0
B_imputed,10430,Lee Cooper Ladies 3 Hands Fn Silver&Blue (LC07824.380),normal,25,0.0,0.0,0.0,6.0,8.0,20.5714,27.4286,6.0,0,1,6.0,6.0
C_true_missing,10430,Lee Cooper Ladies 3 Hands Fn Silver&Blue (LC07824.380),normal,25,0.0,0.0,0.0,6.0,8.0,20.5714,27.4286,6.0,0,1,6.0,6.0
D_missing_aware,10430,Lee Cooper Ladies 3 Hands Fn Silver&Blue (LC07824.380),normal,25,0.0,0.0,0.0,3.0,4.0,10.2857,13.7143,3.0,0,1,3.0,3.0
A_raw_zero,10430,Lee Cooper Ladies 3 Hands Fn Silver&Blue (LC07824.380),normal,26,0.0,0.0,0.0,1.16,1.54,4.1353,5.5138,1.16,0,1,1.16,1.16
B_imputed,10430,Lee Cooper Ladies 3 Hands Fn Silver&Blue (LC07824.380),normal,26,0.0,0.0,0.0,6.0,8.0,21.4286,28.5714,6.0,0,1,6.0,6.0
C_true_missing,10430,Lee Cooper Ladies 3 Hands Fn Silver&Blue (LC07824.380),normal,26,0.0,0.0,0.0,6.0,8.0,21.4286,28.5714,6.0,0,1,6.0,6.0
D_missing_aware,10430,Lee Cooper Ladies 3 Hands Fn Silver&Blue (LC07824.380),normal,26,0.0,0.0,0.0,3.0,4.0,10.7143,14.2857,3.0,0,1,3.0,3.0
A_raw_zero,10430,Lee Cooper Ladies 3 Hands Fn Silver&Blue (LC07824.380),normal,27,0.0,0.0,0.0,1.16,1.54,4.3008,5.7343,1.16,0,1,1.16,1.16
B_imputed,10430,Lee Cooper Ladies 3 Hands Fn Silver&Blue (LC07824.380),normal,27,0.0,0.0,0.0,6.0,8.0,22.2857,29.7143,6.0,0,1,6.0,6.0
C_true_missing,10430,Lee Cooper Ladies 3 Hands Fn Silver&Blue (LC07824.380),normal,27,0.0,0.0,0.0,6.0,8.0,22.2857,29.7143,6.0,0,1,6.0,6.0
D_missing_aware,10430,Lee Cooper Ladies 3 Hands Fn Silver&Blue (LC07824.380),normal,27,0.0,0.0,0.0,3.0,4.0,11.1429,14.8571,3.0,0,1,3.0,3.0
A_raw_zero,10430,Lee Cooper Ladies 3 Hands Fn Silver&Blue (LC07824.380),normal,28,0.0,0.0,0.0,1.16,1.54,4.4662,5.9549,1.16,0,1,1.16,1.16
B_imputed,10430,Lee Cooper Ladies 3 Hands Fn Silver&Blue (LC07824.380),normal,28,0.0,0.0,0.0,6.0,8.0,23.1429,30.8571,6.0,0,1,6.0,6.0
C_true_missing,10430,Lee Cooper Ladies 3 Hands Fn Silver&Blue (LC07824.380),normal,28,0.0,0.0,0.0,6.0,8.0,23.1429,30.8571,6.0,0,1,6.0,6.0
D_missing_aware,10430,Lee Cooper Ladies 3 Hands Fn Silver&Blue (LC07824.380),normal,28,0.0,0.0,0.0,3.0,4.0,11.5714,15.4286,3.0,0,1,3.0,3.0
A_raw_zero,10430,Lee Cooper Ladies 3 Hands Fn Silver&Blue (LC07824.380),normal,29,0.0,0.0,0.0,1.16,1.54,4.6316,6.1754,1.16,0,1,1.16,1.16
B_imputed,10430,Lee Cooper Ladies 3 Hands Fn Silver&Blue (LC07824.380),normal,29,0.0,0.0,0.0,6.0,8.0,24.0,32.0,6.0,0,1,6.0,6.0
C_true_missing,10430,Lee Cooper Ladies 3 Hands Fn Silver&Blue (LC07824.380),normal,29,0.0,0.0,0.0,6.0,8.0,24.0,32.0,6.0,0,1,6.0,6.0
D_missing_aware,10430,Lee Cooper Ladies 3 Hands Fn Silver&Blue (LC07824.380),normal,29,0.0,0.0,0.0,3.0,4.0,12.0,16.0,3.0,0,1,3.0,3.0
A_raw_zero,6114,366-26,normal,31,0.0,1.0,1.0,6.0,6.0,4.8649,4.8649,-6.0,1,0,12.0,18.0
B_imputed,6114,366-26,normal,31,0.0,1.0,1.0,6.0,6.0,4.8649,4.8649,-6.0,1,0,12.0,18.0
C_true_missing,6114,366-26,normal,31,0.0,1.0,1.0,6.0,6.0,4.8649,4.8649,-6.0,1,0,12.0,18.0
D_missing_aware,6114,366-26,normal,31,0.0,1.0,1.0,6.0,6.0,4.8649,4.8649,-6.0,1,0,12.0,18.0
A_raw_zero,6114,366-26,normal,32,0.8906,0.6719,0.5625,4.03,3.37,3.3775,2.8277,-4.03,1,0,8.06,12.09
B_imputed,6114,366-26,normal,32,0.8906,0.6719,0.5625,4.03,3.37,3.3775,2.8277,-4.03,1,0,8.06,12.09
C_true_missing,6114,366-26,normal,32,0.8906,0.6719,0.5625,4.03,3.37,3.3775,2.8277,-4.03,1,0,8.06,12.09
D_missing_aware,6114,366-26,normal,32,0.8906,0.6719,0.5625,4.03,3.37,3.3775,2.8277,-4.03,1,0,8.06,12.09
A_raw_zero,6114,366-26,normal,33,0.0,0.0,0.0,2.45,3.27,1.8266,2.4355,2.45,0,1,2.45,2.45
B_imputed,6114,366-26,normal,33,0.0,0.0,0.0,2.45,3.27,1.8266,2.4355,2.45,0,1,2.45,2.45
C_true_missing,6114,366-26,normal,33,0.0,0.0,0.0,2.45,3.27,1.8266,2.4355,2.45,0,1,2.45,2.45
D_missing_aware,6114,366-26,normal,33,0.0,0.0,0.0,2.45,3.27,1.8266,2.4355,2.45,0,1,2.45,2.45
A_raw_zero,6114,366-26,normal,34,0.0,0.0,0.0,4.56,6.09,3.0736,4.0981,4.56,0,1,4.56,4.56
B_imputed,6114,366-26,normal,34,0.0,0.0,0.0,4.56,6.09,3.0736,4.0981,4.56,0,1,4.56,4.56
C_true_missing,6114,366-26,normal,34,0.0,0.0,0.0,4.56,6.09,3.0736,4.0981,4.56,0,1,4.56,4.56
D_missing_aware,6114,366-26,normal,34,0.0,0.0,0.0,4.56,6.09,3.0736,4.0981,4.56,0,1,4.56,4.56
A_raw_zero,6114,366-26,normal,35,0.0,0.0,0.0,4.56,6.09,3.1667,4.2223,4.56,0,1,4.56,4.56
B_imputed,6114,366-26,normal,35,0.0,0.0,0.0,4.56,6.09,3.1667,4.2223,4.56,0,1,4.56,4.56
C_true_missing,6114,366-26,normal,35,0.0,0.0,0.0,4.56,6.09,3.1667,4.2223,4.56,0,1,4.56,4.56
D_missing_aware,6114,366-26,normal,35,0.0,0.0,0.0,4.56,6.09,3.1667,4.2223,4.56,0,1,4.56,4.56
A_raw_zero,6114,366-26,normal,36,0.0,0.0,0.0,4.56,6.09,3.2599,4.3465,4.56,0,1,4.56,4.56
B_imputed,6114,366-26,normal,36,0.0,0.0,0.0,4.56,6.09,3.2599,4.3465,4.56,0,1,4.56,4.56
C_true_missing,6114,366-26,normal,36,0.0,0.0,0.0,4.56,6.09,3.2599,4.3465,4.56,0,1,4.56,4.56
D_missing_aware,6114,366-26,normal,36,0.0,0.0,0.0,4.56,6.09,3.2599,4.3465,4.56,0,1,4.56,4.56
A_raw_zero,1595,201-55,normal,29,0.4914,3.4741,0.4577,13.9,20.14,1.7449,2.5285,13.9,0,1,13.9,13.9
B_imputed,1595,201-55,normal,29,0.4914,3.4741,0.4577,13.9,20.14,1.7449,2.5285,13.9,0,1,13.9,13.9
C_true_missing,1595,201-55,normal,29,0.4914,3.4741,0.4577,13.9,20.14,1.7449,2.5285,13.9,0,1,13.9,13.9
D_missing_aware,1595,201-55,normal,29,0.4914,3.4741,0.4577,13.9,20.14,1.7449,2.5285,13.9,0,1,13.9,13.9
A_raw_zero,1595,201-55,normal,30,0.0,0.5575,0.6629,22.3,46.4,2.9,6.0341,-22.3,1,0,44.6,66.9
B_imputed,1595,201-55,normal,30,0.0,0.5575,0.6629,22.3,46.4,2.9,6.0341,-22.3,1,0,44.6,66.9
C_true_missing,1595,201-55,normal,30,0.0,0.5575,0.6629,22.3,46.4,2.9,6.0341,-22.3,1,0,44.6,66.9
D_missing_aware,1595,201-55,normal,30,0.0,0.5575,0.6629,22.3,46.4,2.9,6.0341,-22.3,1,0,44.6,66.9
A_raw_zero,1595,201-55,normal,31,0.0,1.0,1.0,70.0,80.0,9.2511,10.5727,-70.0,1,0,140.0,210.0
B_imputed,1595,201-55,normal,31,0.0,1.0,1.0,70.0,80.0,9.2511,10.5727,-70.0,1,0,140.0,210.0
C_true_missing,1595,201-55,normal,31,0.0,1.0,1.0,70.0,80.0,9.2511,10.5727,-70.0,1,0,140.0,210.0
D_missing_aware,1595,201-55,normal,31,0.0,1.0,1.0,70.0,80.0,9.2511,10.5727,-70.0,1,0,140.0,210.0
A_raw_zero,1595,201-55,normal,32,1.0,1.0,1.0,80.0,115.0,10.9251,15.7048,-80.0,1,0,160.0,240.0
B_imputed,1595,201-55,normal,32,1.0,1.0,1.0,80.0,115.0,10.9251,15.7048,-80.0,1,0,160.0,240.0
C_true_missing,1595,201-55,normal,32,1.0,1.0,1.0,80.0,115.0,10.9251,15.7048,-80.0,1,0,160.0,240.0
D_missing_aware,1595,201-55,normal,32,1.0,1.0,1.0,80.0,115.0,10.9251,15.7048,-80.0,1,0,160.0,240.0
A_raw_zero,1595,201-55,normal,33,1.0,1.0,1.0,75.0,75.0,8.9888,8.9888,-75.0,1,0,150.0,225.0
B_imputed,1595,201-55,normal,33,1.0,1.0,1.0,75.0,75.0,8.9888,8.9888,-75.0,1,0,150.0,225.0
C_true_missing,1595,201-55,normal,33,1.0,1.0,1.0,75.0,75.0,8.9888,8.9888,-75.0,1,0,150.0,225.0
D_missing_aware,1595,201-55,normal,33,1.0,1.0,1.0,75.0,75.0,8.9888,8.9888,-75.0,1,0,150.0,225.0
A_raw_zero,1595,201-55,normal,34,2.0,1.0,1.6667,45.0,75.0,5.361,8.935,45.0,0,1,45.0,45.0
B_imputed,1595,201-55,normal,34,2.0,1.0,1.6667,45.0,75.0,5.361,8.935,45.0,0,1,45.0,45.0
C_true_missing,1595,201-55,normal,34,2.0,1.0,1.6667,45.0,75.0,5.361,8.935,45.0,0,1,45.0,45.0
D_missing_aware,1595,201-55,normal,34,2.0,1.0,1.6667,45.0,75.0,5.361,8.935,45.0,0,1,45.0,45.0
A_raw_zero,1268,Lisos 21,normal,24,0.0,0.0,0.0,0.0,0.0,0.0,0.0,0.0,0,0,0.0,0.0
B_imputed,1268,Lisos 21,normal,24,0.0,0.0,0.0,0.0,0.0,0.0,0.0,0.0,0,0,0.0,0.0
C_true_missing,1268,Lisos 21,normal,24,0.0,0.0,0.0,0.0,0.0,0.0,0.0,0.0,0,0,0.0,0.0
D_missing_aware,1268,Lisos 21,normal,24,0.0,0.0,0.0,0.0,0.0,0.0,0.0,0.0,0,0,0.0,0.0
A_raw_zero,1268,Lisos 21,normal,25,0.0,0.0,0.0,0.0,0.0,0.0,0.0,0.0,0,0,0.0,0.0
B_imputed,1268,Lisos 21,normal,25,0.0,0.0,0.0,0.0,0.0,0.0,0.0,0.0,0,0,0.0,0.0
C_true_missing,1268,Lisos 21,normal,25,0.0,0.0,0.0,0.0,0.0,0.0,0.0,0.0,0,0,0.0,0.0
D_missing_aware,1268,Lisos 21,normal,25,0.0,0.0,0.0,0.0,0.0,0.0,0.0,0.0,0,0,0.0,0.0
A_raw_zero,1268,Lisos 21,normal,26,0.0,0.0,0.0,0.0,0.0,0.0,0.0,0.0,0,0,0.0,0.0
B_imputed,1268,Lisos 21,normal,26,0.0,0.0,0.0,0.0,0.0,0.0,0.0,0.0,0,0,0.0,0.0
C_true_missing,1268,Lisos 21,normal,26,0.0,0.0,0.0,0.0,0.0,0.0,0.0,0.0,0,0,0.0,0.0
D_missing_aware,1268,Lisos 21,normal,26,0.0,0.0,0.0,0.0,0.0,0.0,0.0,0.0,0,0,0.0,0.0
A_raw_zero,1268,Lisos 21,normal,27,0.0,0.0,0.0,0.0,0.0,0.0,0.0,0.0,0,0,0.0,0.0
B_imputed,1268,Lisos 21,normal,27,0.0,0.0,0.0,0.0,0.0,0.0,0.0,0.0,0,0,0.0,0.0
C_true_missing,1268,Lisos 21,normal,27,0.0,0.0,0.0,0.0,0.0,0.0,0.0,0.0,0,0,0.0,0.0
D_missing_aware,1268,Lisos 21,normal,27,0.0,0.0,0.0,0.0,0.0,0.0,0.0,0.0,0,0,0.0,0.0
A_raw_zero,1268,Lisos 21,normal,28,0.0,0.0,0.0,0.0,0.0,0.0,0.0,0.0,0,0,0.0,0.0
B_imputed,1268,Lisos 21,normal,28,0.0,0.0,0.0,0.0,0.0,0.0,0.0,0.0,0,0,0.0,0.0
C_true_missing,1268,Lisos 21,normal,28,0.0,0.0,0.0,0.0,0.0,0.0,0.0,0.0,0,0,0.0,0.0
D_missing_aware,1268,Lisos 21,normal,28,0.0,0.0,0.0,0.0,0.0,0.0,0.0,0.0,0,0,0.0,0.0
A_raw_zero,1268,Lisos 21,normal,29,0.0,0.0,0.0,0.0,0.0,0.0,0.0,0.0,0,0,0.0,0.0
B_imputed,1268,Lisos 21,normal,29,0.0,0.0,0.0,0.0,0.0,0.0,0.0,0.0,0,0,0.0,0.0
C_true_missing,1268,Lisos 21,normal,29,0.0,0.0,0.0,0.0,0.0,0.0,0.0,0.0,0,0,0.0,0.0
D_missing_aware,1268,Lisos 21,normal,29,0.0,0.0,0.0,0.0,0.0,0.0,0.0,0.0,0,0,0.0,0.0
A_raw_zero,9612,Leviotto Women's Sneaker NUDE (LVTW21003),normal,25,1.0,1.0,1.0,1.0,1.0,2.6667,2.6667,-1.0,1,0,2.0,3.0
B_imputed,9612,Leviotto Women's Sneaker NUDE (LVTW21003),normal,25,0.0,2.0,3.0,2.0,3.0,5.3333,8.0,2.0,0,1,2.0,2.0
C_true_missing,9612,Leviotto Women's Sneaker NUDE (LVTW21003),normal,25,0.0,2.0,3.0,2.0,3.0,5.3333,8.0,2.0,0,1,2.0,2.0
D_missing_aware,9612,Leviotto Women's Sneaker NUDE (LVTW21003),normal,25,0.0,2.0,3.0,2.0,3.0,5.3333,8.0,2.0,0,1,2.0,2.0
A_raw_zero,9612,Leviotto Women's Sneaker NUDE (LVTW21003),normal,26,0.0,0.0,0.0,0.0,0.0,0.0,0.0,0.0,0,0,0.0,0.0
B_imputed,9612,Leviotto Women's Sneaker NUDE (LVTW21003),normal,26,0.0,0.0,0.0,3.0,4.0,7.5,10.0,3.0,0,1,3.0,3.0
C_true_missing,9612,Leviotto Women's Sneaker NUDE (LVTW21003),normal,26,0.0,0.0,0.0,3.0,4.0,7.5,10.0,3.0,0,1,3.0,3.0
D_missing_aware,9612,Leviotto Women's Sneaker NUDE (LVTW21003),normal,26,0.0,0.0,0.0,3.0,4.0,7.5,10.0,3.0,0,1,3.0,3.0
A_raw_zero,9612,Leviotto Women's Sneaker NUDE (LVTW21003),normal,27,0.0,0.0,0.0,0.0,0.0,0.0,0.0,0.0,0,0,0.0,0.0
B_imputed,9612,Leviotto Women's Sneaker NUDE (LVTW21003),normal,27,0.0,0.0,0.0,3.0,4.0,7.0909,9.4545,3.0,0,1,3.0,3.0
C_true_missing,9612,Leviotto Women's Sneaker NUDE (LVTW21003),normal,27,0.0,0.0,0.0,3.0,4.0,7.0909,9.4545,3.0,0,1,3.0,3.0
D_missing_aware,9612,Leviotto Women's Sneaker NUDE (LVTW21003),normal,27,0.0,0.0,0.0,3.0,4.0,7.0909,9.4545,3.0,0,1,3.0,3.0
A_raw_zero,9612,Leviotto Women's Sneaker NUDE (LVTW21003),normal,28,0.0,0.0,0.0,0.0,0.0,0.0,0.0,0.0,0,0,0.0,0.0
B_imputed,9612,Leviotto Women's Sneaker NUDE (LVTW21003),normal,28,0.0,0.0,0.0,3.0,4.0,7.3636,9.8182,3.0,0,1,3.0,3.0
C_true_missing,9612,Leviotto Women's Sneaker NUDE (LVTW21003),normal,28,0.0,0.0,0.0,3.0,4.0,7.3636,9.8182,3.0,0,1,3.0,3.0
D_missing_aware,9612,Leviotto Women's Sneaker NUDE (LVTW21003),normal,28,0.0,0.0,0.0,3.0,4.0,7.3636,9.8182,3.0,0,1,3.0,3.0
A_raw_zero,9612,Leviotto Women's Sneaker NUDE (LVTW21003),normal,29,0.0,0.0,0.0,0.0,0.0,0.0,0.0,0.0,0,0,0.0,0.0
B_imputed,9612,Leviotto Women's Sneaker NUDE (LVTW21003),normal,29,0.0,0.0,0.0,3.0,4.0,7.6364,10.1818,3.0,0,1,3.0,3.0
C_true_missing,9612,Leviotto Women's Sneaker NUDE (LVTW21003),normal,29,0.0,0.0,0.0,3.0,4.0,7.6364,10.1818,3.0,0,1,3.0,3.0
D_missing_aware,9612,Leviotto Women's Sneaker NUDE (LVTW21003),normal,29,0.0,0.0,0.0,3.0,4.0,7.6364,10.1818,3.0,0,1,3.0,3.0
A_raw_zero,9612,Leviotto Women's Sneaker NUDE (LVTW21003),normal,30,0.0,0.0,0.0,0.0,0.0,0.0,0.0,0.0,0,0,0.0,0.0
B_imputed,9612,Leviotto Women's Sneaker NUDE (LVTW21003),normal,30,0.0,0.0,0.0,3.0,4.0,7.9091,10.5455,3.0,0,1,3.0,3.0
C_true_missing,9612,Leviotto Women's Sneaker NUDE (LVTW21003),normal,30,0.0,0.0,0.0,3.0,4.0,7.9091,10.5455,3.0,0,1,3.0,3.0
D_missing_aware,9612,Leviotto Women's Sneaker NUDE (LVTW21003),normal,30,0.0,0.0,0.0,3.0,4.0,7.9091,10.5455,3.0,0,1,3.0,3.0
A_raw_zero,173,345-99,normal,24,0.0,0.0,0.0,0.0,0.0,0.0,0.0,0.0,0,0,0.0,0.0
B_imputed,173,345-99,normal,24,0.0,0.0,0.0,0.0,0.0,0.0,0.0,0.0,0,0,0.0,0.0
C_true_missing,173,345-99,normal,24,0.0,0.0,0.0,0.0,0.0,0.0,0.0,0.0,0,0,0.0,0.0
D_missing_aware,173,345-99,normal,24,0.0,0.0,0.0,0.0,0.0,0.0,0.0,0.0,0,0,0.0,0.0
A_raw_zero,173,345-99,normal,25,0.0,0.0,0.0,0.0,0.0,0.0,0.0,0.0,0,0,0.0,0.0
B_imputed,173,345-99,normal,25,0.0,0.0,0.0,0.0,0.0,0.0,0.0,0.0,0,0,0.0,0.0
C_true_missing,173,345-99,normal,25,0.0,0.0,0.0,0.0,0.0,0.0,0.0,0.0,0,0,0.0,0.0
D_missing_aware,173,345-99,normal,25,0.0,0.0,0.0,0.0,0.0,0.0,0.0,0.0,0,0,0.0,0.0
A_raw_zero,173,345-99,normal,26,0.0,0.0,0.0,0.0,0.0,0.0,0.0,0.0,0,0,0.0,0.0
B_imputed,173,345-99,normal,26,0.0,0.0,0.0,0.0,0.0,0.0,0.0,0.0,0,0,0.0,0.0
C_true_missing,173,345-99,normal,26,0.0,0.0,0.0,0.0,0.0,0.0,0.0,0.0,0,0,0.0,0.0
D_missing_aware,173,345-99,normal,26,0.0,0.0,0.0,0.0,0.0,0.0,0.0,0.0,0,0,0.0,0.0
A_raw_zero,173,345-99,normal,27,0.0,0.0,0.0,0.0,0.0,0.0,0.0,0.0,0,0,0.0,0.0
B_imputed,173,345-99,normal,27,0.0,0.0,0.0,0.0,0.0,0.0,0.0,0.0,0,0,0.0,0.0
C_true_missing,173,345-99,normal,27,0.0,0.0,0.0,0.0,0.0,0.0,0.0,0.0,0,0,0.0,0.0
D_missing_aware,173,345-99,normal,27,0.0,0.0,0.0,0.0,0.0,0.0,0.0,0.0,0,0,0.0,0.0
A_raw_zero,173,345-99,normal,28,0.0,0.0,0.0,0.0,0.0,0.0,0.0,0.0,0,0,0.0,0.0
B_imputed,173,345-99,normal,28,0.0,0.0,0.0,0.0,0.0,0.0,0.0,0.0,0,0,0.0,0.0
C_true_missing,173,345-99,normal,28,0.0,0.0,0.0,0.0,0.0,0.0,0.0,0.0,0,0,0.0,0.0
D_missing_aware,173,345-99,normal,28,0.0,0.0,0.0,0.0,0.0,0.0,0.0,0.0,0,0,0.0,0.0
A_raw_zero,173,345-99,normal,29,0.0,0.0,0.0,0.0,0.0,0.0,0.0,0.0,0,0,0.0,0.0
B_imputed,173,345-99,normal,29,0.0,0.0,0.0,0.0,0.0,0.0,0.0,0.0,0,0,0.0,0.0
C_true_missing,173,345-99,normal,29,0.0,0.0,0.0,0.0,0.0,0.0,0.0,0.0,0,0,0.0,0.0
D_missing_aware,173,345-99,normal,29,0.0,0.0,0.0,0.0,0.0,0.0,0.0,0.0,0,0,0.0,0.0
A_raw_zero,10073,DE-V1-107,normal,23,0.0,0.0,0.0,0.0,0.0,0.0,0.0,0.0,0,0,0.0,0.0
B_imputed,10073,DE-V1-107,normal,23,0.0,0.0,0.0,0.0,0.0,0.0,0.0,0.0,0,0,0.0,0.0
C_true_missing,10073,DE-V1-107,normal,23,0.0,0.0,0.0,0.0,0.0,0.0,0.0,0.0,0,0,0.0,0.0
D_missing_aware,10073,DE-V1-107,normal,23,0.0,0.0,0.0,0.0,0.0,0.0,0.0,0.0,0,0,0.0,0.0
A_raw_zero,10073,DE-V1-107,normal,24,0.0,0.0,0.0,0.0,0.0,0.0,0.0,0.0,0,0,0.0,0.0
B_imputed,10073,DE-V1-107,normal,24,0.0,0.0,0.0,0.0,0.0,0.0,0.0,0.0,0,0,0.0,0.0
C_true_missing,10073,DE-V1-107,normal,24,0.0,0.0,0.0,0.0,0.0,0.0,0.0,0.0,0,0,0.0,0.0
D_missing_aware,10073,DE-V1-107,normal,24,0.0,0.0,0.0,0.0,0.0,0.0,0.0,0.0,0,0,0.0,0.0
A_raw_zero,10073,DE-V1-107,normal,25,0.0,0.0,0.0,0.0,0.0,0.0,0.0,0.0,0,0,0.0,0.0
B_imputed,10073,DE-V1-107,normal,25,0.0,0.0,0.0,0.0,0.0,0.0,0.0,0.0,0,0,0.0,0.0
C_true_missing,10073,DE-V1-107,normal,25,0.0,0.0,0.0,0.0,0.0,0.0,0.0,0.0,0,0,0.0,0.0
D_missing_aware,10073,DE-V1-107,normal,25,0.0,0.0,0.0,0.0,0.0,0.0,0.0,0.0,0,0,0.0,0.0
A_raw_zero,10073,DE-V1-107,normal,26,0.0,0.0,0.0,0.0,0.0,0.0,0.0,0.0,0,0,0.0,0.0
B_imputed,10073,DE-V1-107,normal,26,0.0,0.0,0.0,0.0,0.0,0.0,0.0,0.0,0,0,0.0,0.0
C_true_missing,10073,DE-V1-107,normal,26,0.0,0.0,0.0,0.0,0.0,0.0,0.0,0.0,0,0,0.0,0.0
D_missing_aware,10073,DE-V1-107,normal,26,0.0,0.0,0.0,0.0,0.0,0.0,0.0,0.0,0,0,0.0,0.0
A_raw_zero,10073,DE-V1-107,normal,27,0.0,0.0,0.0,0.0,0.0,0.0,0.0,0.0,0,0,0.0,0.0
B_imputed,10073,DE-V1-107,normal,27,0.0,0.0,0.0,0.0,0.0,0.0,0.0,0.0,0,0,0.0,0.0
C_true_missing,10073,DE-V1-107,normal,27,0.0,0.0,0.0,0.0,0.0,0.0,0.0,0.0,0,0,0.0,0.0
D_missing_aware,10073,DE-V1-107,normal,27,0.0,0.0,0.0,0.0,0.0,0.0,0.0,0.0,0,0,0.0,0.0
A_raw_zero,10073,DE-V1-107,normal,28,0.0,0.0,0.0,0.0,0.0,0.0,0.0,0.0,0,0,0.0,0.0
B_imputed,10073,DE-V1-107,normal,28,0.0,0.0,0.0,0.0,0.0,0.0,0.0,0.0,0,0,0.0,0.0
C_true_missing,10073,DE-V1-107,normal,28,0.0,0.0,0.0,0.0,0.0,0.0,0.0,0.0,0,0,0.0,0.0
D_missing_aware,10073,DE-V1-107,normal,28,0.0,0.0,0.0,0.0,0.0,0.0,0.0,0.0,0,0,0.0,0.0
A_raw_zero,15805,407-29,normal,21,0.0,0.0,0.3672,15.01,5.51,3.4499,1.2662,15.01,0,1,15.01,15.01
B_imputed,15805,407-29,normal,21,0.0,0.0,0.3672,15.01,5.51,3.4499,1.2662,15.01,0,1,15.01,15.01
C_true_missing,15805,407-29,normal,21,0.0,0.0,0.3672,15.01,5.51,3.4499,1.2662,15.01,0,1,15.01,15.01
D_missing_aware,15805,407-29,normal,21,0.0,0.0,0.3672,15.01,5.51,3.4499,1.2662,15.01,0,1,15.01,15.01
A_raw_zero,15805,407-29,normal,22,0.0,0.1356,0.0662,2.03,1.13,0.4273,0.2365,-2.03,1,0,4.07,6.1
B_imputed,15805,407-29,normal,22,0.0,0.1356,0.0662,2.03,1.13,0.4273,0.2365,-2.03,1,0,4.07,6.1
C_true_missing,15805,407-29,normal,22,0.0,0.1356,0.0662,2.03,1.13,0.4273,0.2365,-2.03,1,0,4.07,6.1
D_missing_aware,15805,407-29,normal,22,0.0,0.1356,0.0662,2.03,1.13,0.4273,0.2365,-2.03,1,0,4.07,6.1
A_raw_zero,15805,407-29,normal,23,0.0,0.3775,0.1462,6.42,2.49,1.4117,0.5469,-6.42,1,0,12.83,19.25
B_imputed,15805,407-29,normal,23,0.0,0.3775,0.1462,6.42,2.49,1.4117,0.5469,-6.42,1,0,12.83,19.25
C_true_missing,15805,407-29,normal,23,0.0,0.3775,0.1462,6.42,2.49,1.4117,0.5469,-6.42,1,0,12.83,19.25
D_missing_aware,15805,407-29,normal,23,0.0,0.3775,0.1462,6.42,2.49,1.4117,0.5469,-6.42,1,0,12.83,19.25
A_raw_zero,15805,407-29,normal,24,0.8,0.4265,0.3309,7.25,5.62,1.6675,1.2938,-7.25,1,0,14.5,21.75
B_imputed,15805,407-29,normal,24,0.8,0.4265,0.3309,7.25,5.62,1.6675,1.2938,-7.25,1,0,14.5,21.75
C_true_missing,15805,407-29,normal,24,0.8,0.4265,0.3309,7.25,5.62,1.6675,1.2938,-7.25,1,0,14.5,21.75
D_missing_aware,15805,407-29,normal,24,0.8,0.4265,0.3309,7.25,5.62,1.6675,1.2938,-7.25,1,0,14.5,21.75
A_raw_zero,15805,407-29,normal,25,0.77,4.31,6.08,8.62,12.16,1.799,2.5377,8.62,0,1,8.62,8.62
B_imputed,15805,407-29,normal,25,0.77,4.31,6.08,8.62,12.16,1.799,2.5377,8.62,0,1,8.62,8.62
C_true_missing,15805,407-29,normal,25,0.77,4.31,6.08,8.62,12.16,1.799,2.5377,8.62,0,1,8.62,8.62
D_missing_aware,15805,407-29,normal,25,0.77,4.31,6.08,8.62,12.16,1.799,2.5377,8.62,0,1,8.62,8.62
A_raw_zero,15805,407-29,normal,26,0.0,0.0,0.0,12.94,17.94,2.5282,3.503,12.94,0,1,12.94,12.94
B_imputed,15805,407-29,normal,26,0.0,0.0,0.0,12.94,17.94,2.5282,3.503,12.94,0,1,12.94,12.94
C_true_missing,15805,407-29,normal,26,0.0,0.0,0.0,12.94,17.94,2.5282,3.503,12.94,0,1,12.94,12.94
D_missing_aware,15805,407-29,normal,26,0.0,0.0,0.0,12.94,17.94,2.5282,3.503,12.94,0,1,12.94,12.94
A_raw_zero,13277,401-06,normal,22,0.5526,0.3423,0.3775,5.48,17.36,0.4676,1.4823,5.48,0,1,5.48,5.48
B_imputed,13277,401-06,normal,22,0.5526,0.3423,0.3775,5.48,17.36,0.4676,1.4823,5.48,0,1,5.48,5.48
C_true_missing,13277,401-06,normal,22,0.5526,0.3423,0.3775,5.48,17.36,0.4676,1.4823,5.48,0,1,5.48,5.48
D_missing_aware,13277,401-06,normal,22,0.5526,0.3423,0.3775,5.48,17.36,0.4676,1.4823,5.48,0,1,5.48,5.48
A_raw_zero,13277,401-06,normal,23,0.0,0.2457,0.0058,7.37,0.17,0.6284,0.0148,-7.37,1,0,14.74,22.11
B_imputed,13277,401-06,normal,23,0.0,0.2457,0.0058,7.37,0.17,0.6284,0.0148,-7.37,1,0,14.74,22.11
C_true_missing,13277,401-06,normal,23,0.0,0.2457,0.0058,7.37,0.17,0.6284,0.0148,-7.37,1,0,14.74,22.11
D_missing_aware,13277,401-06,normal,23,0.0,0.2457,0.0058,7.37,0.17,0.6284,0.0148,-7.37,1,0,14.74,22.11
A_raw_zero,13277,401-06,normal,24,0.0,0.1652,0.1131,4.96,3.39,0.4159,0.2848,-4.96,1,0,9.91,14.87
B_imputed,13277,401-06,normal,24,0.0,0.1652,0.1131,4.96,3.39,0.4159,0.2848,-4.96,1,0,9.91,14.87
C_true_missing,13277,401-06,normal,24,0.0,0.1652,0.1131,4.96,3.39,0.4159,0.2848,-4.96,1,0,9.91,14.87
D_missing_aware,13277,401-06,normal,24,0.0,0.1652,0.1131,4.96,3.39,0.4159,0.2848,-4.96,1,0,9.91,14.87
A_raw_zero,13277,401-06,normal,25,0.7217,0.1652,0.1131,4.96,3.39,0.434,0.2972,-4.96,1,0,9.91,14.87
B_imputed,13277,401-06,normal,25,0.7217,0.1652,0.1131,4.96,3.39,0.434,0.2972,-4.96,1,0,9.91,14.87
C_true_missing,13277,401-06,normal,25,0.7217,0.1652,0.1131,4.96,3.39,0.434,0.2972,-4.96,1,0,9.91,14.87
D_missing_aware,13277,401-06,normal,25,0.7217,0.1652,0.1131,4.96,3.39,0.434,0.2972,-4.96,1,0,9.91,14.87
A_raw_zero,13277,401-06,normal,26,0.0,0.0,1.869,25.82,22.43,2.1234,1.8444,25.82,0,1,25.82,25.82
B_imputed,13277,401-06,normal,26,0.0,0.0,1.869,25.82,22.43,2.1234,1.8444,25.82,0,1,25.82,25.82
C_true_missing,13277,401-06,normal,26,0.0,0.0,1.869,25.82,22.43,2.1234,1.8444,25.82,0,1,25.82,25.82
D_missing_aware,13277,401-06,normal,26,0.0,0.0,1.869,25.82,22.43,2.1234,1.8444,25.82,0,1,25.82,25.82
A_raw_zero,13277,401-06,normal,27,0.0,1.1518,1.869,13.82,22.43,1.0759,1.7459,13.82,0,1,13.82,13.82
B_imputed,13277,401-06,normal,27,0.0,1.1518,1.869,13.82,22.43,1.0759,1.7459,13.82,0,1,13.82,13.82
C_true_missing,13277,401-06,normal,27,0.0,1.1518,1.869,13.82,22.43,1.0759,1.7459,13.82,0,1,13.82,13.82
D_missing_aware,13277,401-06,normal,27,0.0,1.1518,1.869,13.82,22.43,1.0759,1.7459,13.82,0,1,13.82,13.82
