new_product_id,new_product_name,new_product_create_date,new_category_id,old_product_id,old_product_name,old_product_create_date,old_category_id,old_product_active,link_sources,old_first_sale_date,old_last_sale_date,old_selling_months,old_sales_quantity,old_sale_lines,new_first_sale_date,new_last_sale_date,new_selling_months,new_sales_quantity,new_sale_lines
22663,433-53,2026-07-30 08:00:28.852564,421,60,351-48,2023-05-31 05:07:09.357187,8,True,similar_relation,2023-07-19,2026-05-15,9,115.5,12,,,0,0.0,0
22662,433-47,2026-07-30 07:58:25.967587,421,54,351-42,2023-05-31 05:07:05.573769,8,True,similar_relation,2023-10-18,2026-06-09,14,333.0,27,2026-08-05,2026-08-05,1,42.0,1
22660,448-44,2026-07-27 08:17:26.607258,438,6716,380-30,2023-05-31 06:23:20.278334,197,True,similar_relation,2023-06-13,2026-02-16,20,126.5,27,,,0,0.0,0
22659,448-43,2026-07-27 08:17:06.852735,438,6712,380-25,2023-05-31 06:23:17.772267,197,True,similar_relation,2023-09-19,2026-05-13,18,138.5,22,,,0,0.0,0
22658,448-42,2026-07-27 08:16:44.483621,438,6715,380-29,2023-05-31 06:23:19.657506,197,True,similar_relation,2023-08-23,2026-07-23,24,208.75,41,,,0,0.0,0
22657,448-41,2026-07-27 08:16:16.429811,438,6714,380-28,2023-05-31 06:23:18.964125,197,True,similar_relation,2023-06-14,2026-05-14,24,245.0,35,,,0,0.0,0
22656,448-40,2026-07-27 08:15:33.195134,438,6713,380-27,2023-05-31 06:23:18.367646,197,True,similar_relation,2023-06-06,2026-05-13,25,256.0,37,,,0,0.0,0
22655,448-39,2026-07-27 08:15:14.886921,438,6695,380-08,2023-05-31 06:23:06.449610,197,True,similar_relation,2023-06-06,2026-05-13,21,287.5,36,,,0,0.0,0
22654,448-35,2026-07-27 08:14:48.112355,438,6699,380-12,2023-05-31 06:23:08.870347,197,True,similar_relation,2023-06-10,2026-07-02,22,273.5,35,,,0,0.0,0
22653,448-34,2026-07-27 08:14:29.845078,438,6694,380-07,2023-05-31 06:23:05.838105,197,True,similar_relation,2023-06-22,2026-05-16,22,256.5,36,,,0,0.0,0
22652,448-33,2026-07-27 08:14:08.385263,438,6698,380-11,2023-05-31 06:23:08.279662,197,True,similar_relation,2023-07-08,2026-07-11,29,401.1,61,,,0,0.0,0
22651,448-32,2026-07-27 08:13:49.851267,438,6697,380-10,2023-05-31 06:23:07.682610,197,True,similar_relation,2023-06-10,2026-07-28,25,660.4,42,,,0,0.0,0
22650,448-31,2026-07-27 08:13:23.648225,438,6696,380-09,2023-05-31 06:23:07.078444,197,True,similar_relation,2023-06-06,2026-07-28,31,1005.5,62,,,0,0.0,0
22649,448-30,2026-07-27 08:11:10.500766,438,6695,380-08,2023-05-31 06:23:06.449610,197,True,similar_relation,2023-06-06,2026-05-13,21,287.5,36,,,0,0.0,0
22648,448-26,2026-07-27 08:09:43.038922,438,6693,380-06,2023-05-31 06:23:05.071581,197,True,similar_relation,2023-06-12,2026-07-31,32,648.3,73,,,0,0.0,0
22647,448-25,2026-07-27 08:09:25.222832,438,6682,380-01,2023-05-31 06:22:58.388340,197,True,similar_relation,2023-07-04,2026-06-18,28,891.5,100,,,0,0.0,0
22646,448-24,2026-07-27 08:08:57.641858,438,6692,380-05,2023-05-31 06:23:04.485274,197,True,similar_relation,2023-06-22,2026-07-22,31,810.45,84,,,0,0.0,0
22645,448-23,2026-07-27 08:08:33.977069,438,6691,380-04,2023-05-31 06:23:03.869292,197,True,similar_relation,2023-06-24,2026-04-16,33,1150.0,118,,,0,0.0,0
22644,448-22,2026-07-27 08:08:11.788708,438,6684,380-03,2023-05-31 06:22:59.709070,197,True,similar_relation,2023-06-06,2026-07-01,35,763.0,94,,,0,0.0,0
22643,448-21,2026-07-27 08:07:53.039494,438,6683,380-02,2023-05-31 06:22:59.070068,197,True,similar_relation,2023-06-06,2026-08-06,36,1075.5,113,,,0,0.0,0
22642,448-17,2026-07-27 08:07:01.514388,438,6705,380-18,2023-05-31 06:23:12.988976,197,True,similar_relation,2023-06-24,2026-05-30,23,1020.5,30,,,0,0.0,0
22641,448-15,2026-07-27 08:06:27.933951,438,6704,380-17,2023-05-31 06:23:12.241001,197,True,similar_relation,2023-07-04,2026-08-11,30,672.25,68,,,0,0.0,0
22640,448-14,2026-07-27 08:06:09.269362,438,6703,380-16,2023-05-31 06:23:11.505071,197,True,similar_relation,2023-08-17,2026-06-26,26,541.5,57,,,0,0.0,0
22639,448-13,2026-07-27 08:05:45.738136,438,6702,380-15,2023-05-31 06:23:10.815680,197,True,similar_relation,2023-06-20,2026-01-12,20,179.0,27,,,0,0.0,0
22638,448-12,2026-07-27 08:05:26.234401,438,6701,380-14,2023-05-31 06:23:10.101966,197,True,similar_relation,2023-06-06,2026-08-07,32,1077.5,75,,,0,0.0,0
22637,448-08,2026-07-27 08:04:35.008639,438,6711,380-24,2023-05-31 06:23:17.175388,197,True,similar_relation,2023-07-13,2026-07-01,25,266.5,35,,,0,0.0,0
22636,448-07,2026-07-27 08:03:55.564260,438,6706,380-19,2023-05-31 06:23:13.721506,197,True,similar_relation,2023-07-24,2026-08-08,31,762.0,70,,,0,0.0,0
22635,448-06,2026-07-27 08:03:36.461915,438,6710,380-23,2023-05-31 06:23:16.510015,197,True,similar_relation,2023-07-08,2026-07-01,26,317.0,38,,,0,0.0,0
22634,448-05,2026-07-27 08:03:15.558672,438,6709,380-22,2023-05-31 06:23:15.850105,197,True,similar_relation,2023-06-19,2026-07-01,27,632.0,62,,,0,0.0,0
22633,448-04,2026-07-27 08:02:58.600982,438,6708,380-21,2023-05-31 06:23:15.142837,197,True,similar_relation,2023-06-06,2026-08-11,21,498.5,38,,,0,0.0,0
22632,448-03,2026-07-27 08:02:31.876339,438,6707,380-20,2023-05-31 06:23:14.437235,197,True,similar_relation,2023-06-06,2026-08-11,30,715.5,74,,,0,0.0,0
22613,448-16,2026-07-16 08:07:06.372906,438,6700,380-13,2023-05-31 06:23:09.463985,197,True,similar_relation,2023-06-09,2026-08-04,22,182.5,33,,,0,0.0,0
22594,445-58,2026-07-02 06:27:20.237389,402,5939,343-28,2023-05-31 06:15:00.063070,167,True,"main_product, similar_relation",2023-07-03,2026-03-16,15,318.5,25,2026-07-02,2026-07-02,1,5.0,1
22586,431-47,2026-06-17 13:32:44.436090,418,869,325-52,2023-05-31 05:15:53.833788,34,True,"main_product, similar_relation",2023-08-03,2026-07-15,17,187.0,26,,,0,0.0,0
22586,431-47,2026-06-17 13:32:44.436090,418,9453,Siena-04,2023-11-14 08:49:47.094880,231,True,similar_relation,2024-02-07,2025-12-05,7,59.0,8,,,0,0.0,0
22585,431-46,2026-06-17 13:31:57.001572,418,862,325-45,2023-05-31 05:15:49.684387,34,True,similar_relation,2023-06-07,2025-11-07,10,339.5,14,,,0,0.0,0
22582,431-43,2026-06-17 13:30:15.609395,418,857,325-40,2023-05-31 05:15:46.472162,34,True,similar_relation,2023-07-18,2026-05-08,13,440.0,22,,,0,0.0,0
22580,431-41,2026-06-17 13:27:56.246665,418,851,325-34,2023-05-31 05:15:42.730428,34,True,similar_relation,2023-06-09,2026-06-04,22,522.0,47,,,0,0.0,0
22579,431-40,2026-06-17 13:27:28.584662,418,845,325-28,2023-05-31 05:15:39.193583,34,True,"main_product, similar_relation",2023-06-01,2026-07-15,30,1745.0,82,,,0,0.0,0
22579,431-40,2026-06-17 13:27:28.584662,418,1620,202-20,2023-05-31 05:27:23.456296,58,True,similar_relation,2023-12-13,2025-12-19,12,264.0,15,,,0,0.0,0
22578,431-22,2026-06-17 13:26:07.498704,418,855,325-38,2023-05-31 05:15:45.141244,34,True,"main_product, similar_relation",2023-06-02,2026-07-15,18,311.0,20,,,0,0.0,0
22578,431-22,2026-06-17 13:26:07.498704,418,9454,Siena-05,2023-11-14 08:49:47.094880,231,True,similar_relation,2024-02-06,2025-11-10,10,62.0,12,,,0,0.0,0
22577,431-21,2026-06-17 13:25:37.572220,418,839,325-22,2023-05-31 05:15:35.471326,34,True,similar_relation,2023-06-03,2026-05-16,15,595.6,22,,,0,0.0,0
22576,431-19,2026-06-17 13:24:58.077550,418,835,325-18,2023-05-31 05:15:32.822856,34,True,"main_product, similar_relation",2023-07-08,2026-03-13,23,879.0,48,,,0,0.0,0
22576,431-19,2026-06-17 13:24:58.077550,418,9469,Verona-04,2023-11-14 08:49:47.094880,231,True,similar_relation,2024-03-11,2026-07-13,6,92.0,9,,,0,0.0,0
22575,431-18,2026-06-17 13:24:32.678222,418,833,325-16,2023-05-31 05:15:31.524232,34,True,"main_product, similar_relation",2023-06-03,2026-07-16,23,1396.0,50,,,0,0.0,0
22575,431-18,2026-06-17 13:24:32.678222,418,5309,DE-V1-119,2023-05-31 06:07:46.344752,143,True,similar_relation,2023-07-06,2025-10-08,6,50.5,6,,,0,0.0,0
22574,431-12,2026-06-17 13:23:07.511745,418,826,325-09,2023-05-31 05:15:27.380477,34,True,similar_relation,2023-07-08,2026-08-11,7,129.6,8,,,0,0.0,0
22572,431-10,2026-06-17 13:21:52.067953,418,821,325-04,2023-05-31 05:15:24.410875,34,True,"main_product, similar_relation",2023-07-08,2026-06-03,14,449.5,22,,,0,0.0,0
22571,431-03,2026-06-17 13:21:04.182026,418,819,325-02,2023-05-31 05:15:23.222170,34,True,"main_product, similar_relation",2023-06-07,2026-08-03,35,2216.6,163,,,0,0.0,0
22571,431-03,2026-06-17 13:21:04.182026,418,5417,DE-V1-11,2023-05-31 06:08:54.299468,143,True,similar_relation,2023-06-05,2025-02-03,13,356.0,22,,,0,0.0,0
22571,431-03,2026-06-17 13:21:04.182026,418,9438,Naples-05,2023-11-14 08:49:47.094880,231,True,similar_relation,2024-01-10,2026-05-25,11,178.0,14,,,0,0.0,0
22570,431-02,2026-06-17 13:20:19.431305,418,820,325-03,2023-05-31 05:15:23.808234,34,True,similar_relation,2023-06-03,2026-06-25,34,2099.0,129,,,0,0.0,0
22570,431-02,2026-06-17 13:20:19.431305,418,5268,DE-V1-160,2023-05-31 06:07:20.470182,143,True,"main_product, similar_relation",2023-06-03,2026-02-02,12,244.5,17,,,0,0.0,0
22569,431-01,2026-06-17 13:19:11.328282,418,834,325-17,2023-05-31 05:15:32.197160,34,True,"main_product, similar_relation",2023-06-13,2025-12-18,26,1102.5,75,,,0,0.0,0
22568,360-30,2026-06-17 12:34:40.467825,152,2949,803-24,2023-05-31 05:48:23.463741,97,True,similar_relation,2023-10-10,2026-01-13,10,103.0,12,2026-06-17,2026-06-17,1,15.0,1
22568,360-30,2026-06-17 12:34:40.467825,152,5413,DE-V1-15,2023-05-31 06:08:51.513181,143,True,"main_product, similar_relation",2023-06-09,2025-09-27,7,55.5,7,2026-06-17,2026-06-17,1,15.0,1
22563,423-44,2026-06-15 10:03:17.641992,424,14186,408-29,2024-02-20 10:11:27.139521,350,True,similar_relation,2024-08-20,2026-03-11,8,78.0,10,,,0,0.0,0
22557,423-12,2026-06-15 09:49:47.861863,424,14287,409-10,2024-02-20 10:13:33.189432,351,True,similar_relation,2024-10-14,2026-05-30,8,24.5,8,,,0,0.0,0
22556,423-11,2026-06-15 09:48:45.974149,424,14291,409-14,2024-02-20 10:13:33.189432,351,True,similar_relation,2024-11-25,2026-05-30,6,72.5,6,,,0,0.0,0
22530,423-02,2026-06-15 09:27:02.430975,424,14200,408-43,2024-02-20 10:11:27.139521,350,True,similar_relation,2024-07-31,2026-05-02,13,117.5,16,,,0,0.0,0
22532,423-04,2026-06-15 09:27:02.430975,424,14174,408-17,2024-02-20 10:11:27.139521,350,True,similar_relation,2024-08-28,2026-07-15,11,218.6,15,,,0,0.0,0
22533,423-05,2026-06-15 09:27:02.430975,424,14184,408-27,2024-02-20 10:11:27.139521,350,True,similar_relation,2024-10-15,2026-07-09,9,336.5,14,,,0,0.0,0
22542,423-28,2026-06-15 09:27:02.430975,424,14188,408-31,2024-02-20 10:11:27.139521,350,True,similar_relation,2024-08-20,2026-04-10,8,113.5,10,,,0,0.0,0
22549,423-47,2026-06-15 09:27:02.430975,424,14180,408-23,2024-02-20 10:11:27.139521,350,True,similar_relation,2024-08-28,2026-08-01,7,60.0,8,,,0,0.0,0
22538,423-21,2026-06-15 09:27:02.430975,424,14166,408-09,2024-02-20 10:11:27.139521,350,True,similar_relation,2024-09-18,2026-08-01,6,70.5,7,2026-06-16,2026-06-16,1,7.5,1
22464,422-13,2026-02-26 06:28:07.513916,431,21764,422-01,2025-12-03 09:30:56.356091,431,True,similar_relation,2026-02-07,2026-07-28,6,259.0,21,2026-02-26,2026-07-29,6,175.0,9
22305,CHEVIS-II-LB LINEN,2026-02-10 09:57:16.940694,435,7823,374-05,2023-07-18 10:53:46.135472,209,True,similar_relation,2023-08-26,2025-08-17,13,530.5,18,,,0,0.0,0
21982,422-23,2026-02-05 08:22:19.380758,431,21768,422-05,2025-12-03 09:30:56.356091,431,True,similar_relation,2026-02-28,2026-08-01,7,210.5,21,2026-03-07,2026-07-27,5,166.0,13
21980,422-08,2026-02-05 08:22:19.380758,431,21765,422-02,2025-12-03 09:30:56.356091,431,True,"main_product, similar_relation",2026-02-21,2026-08-06,6,521.2,26,2026-02-13,2026-07-07,5,620.5,15
21983,422-30,2026-02-05 08:22:19.380758,431,21769,422-06,2025-12-03 09:30:56.356091,431,True,similar_relation,2026-03-16,2026-08-10,6,166.5,15,2026-02-20,2026-08-12,5,164.5,10
21960,424-26,2026-02-02 16:01:40.600573,425,14204,408-47,2024-02-20 10:11:27.139521,350,True,similar_relation,2024-09-26,2026-04-02,8,92.0,8,2026-05-04,2026-07-11,3,11.5,3
21919,447-22,2026-02-02 15:45:46.736326,416,6626,379-09,2023-05-31 06:22:22.641710,193,True,similar_relation,2023-06-01,2026-08-01,36,8455.95,208,2026-02-11,2026-08-07,6,562.18,16
21913,447-16,2026-02-02 15:45:46.736326,416,6620,379-03,2023-05-31 06:22:18.974561,193,True,similar_relation,2023-06-24,2026-06-10,35,13976.62,326,2026-05-05,2026-07-16,3,83.5,4
21911,447-14,2026-02-02 15:45:46.736326,416,6618,379-01,2023-05-31 06:22:17.724419,193,True,"main_product, similar_relation",2023-06-01,2026-06-02,33,3966.0,172,2026-03-09,2026-06-12,3,279.5,6
21914,447-17,2026-02-02 15:45:46.736326,416,6621,379-04,2023-05-31 06:22:19.665700,193,True,similar_relation,2023-06-02,2026-07-15,33,3868.2,131,2026-04-01,2026-06-04,3,246.5,6
21922,447-25,2026-02-02 15:45:46.736326,416,6629,379-12,2023-05-31 06:22:24.503204,193,True,similar_relation,2023-06-06,2026-06-25,33,3056.0,82,2026-02-25,2026-06-22,4,95.0,5
21917,447-20,2026-02-02 15:45:46.736326,416,6624,379-07,2023-05-31 06:22:21.462621,193,True,"main_product, similar_relation",2023-06-01,2026-07-22,32,4681.95,180,2026-02-09,2026-07-27,4,148.5,7
21915,447-18,2026-02-02 15:45:46.736326,416,6622,379-05,2023-05-31 06:22:20.276016,193,True,similar_relation,2023-06-10,2026-01-10,30,2791.2,117,2026-02-20,2026-05-16,4,195.0,10
21918,447-21,2026-02-02 15:45:46.736326,416,6625,379-08,2023-05-31 06:22:22.042882,193,True,"main_product, similar_relation",2023-06-09,2026-04-13,30,2603.6,114,2026-02-09,2026-07-23,5,175.5,8
21912,447-15,2026-02-02 15:45:46.736326,416,6619,379-02,2023-05-31 06:22:18.386276,193,True,similar_relation,2023-06-03,2026-05-08,29,3633.82,145,2026-02-18,2026-07-28,3,78.5,5
21916,447-19,2026-02-02 15:45:46.736326,416,6623,379-06,2023-05-31 06:22:20.870924,193,True,similar_relation,2023-06-01,2026-01-31,29,11245.95,187,2026-04-07,2026-08-08,3,181.0,5
21929,447-32,2026-02-02 15:45:46.736326,416,6635,379-19,2023-05-31 06:22:28.768030,193,True,"main_product, similar_relation",2023-06-03,2026-03-14,26,1002.35,63,2026-04-09,2026-06-27,2,38.0,3
21920,447-23,2026-02-02 15:45:46.736326,416,6627,379-10,2023-05-31 06:22:23.341423,193,True,similar_relation,2023-06-06,2026-04-20,23,1195.0,79,2026-02-11,2026-07-04,5,93.5,6
21928,447-31,2026-02-02 15:45:46.736326,416,6634,379-18,2023-05-31 06:22:28.036173,193,True,similar_relation,2023-06-13,2026-04-02,23,788.5,41,2026-02-25,2026-07-22,3,93.0,4
21931,447-34,2026-02-02 15:45:46.736326,416,6646,379-21,2023-05-31 06:22:35.546835,193,True,"main_product, similar_relation",2023-06-10,2026-06-25,23,732.2,46,,,0,0.0,0
21921,447-24,2026-02-02 15:45:46.736326,416,6628,379-11,2023-05-31 06:22:23.926018,193,True,similar_relation,2023-06-03,2026-04-27,20,1249.0,57,2026-05-06,2026-05-06,1,13.5,1
21930,447-33,2026-02-02 15:45:46.736326,416,6636,379-20,2023-05-31 06:22:29.555813,193,True,"main_product, similar_relation",2023-06-06,2026-07-27,20,713.0,53,,,0,0.0,0
21926,447-29,2026-02-02 15:45:46.736326,416,6632,379-16,2023-05-31 06:22:26.632532,193,True,similar_relation,2023-06-06,2026-05-07,18,860.0,28,2026-02-07,2026-06-27,2,35.5,3
21923,447-26,2026-02-02 15:45:46.736326,416,6630,379-13,2023-05-31 06:22:25.282988,193,True,"main_product, similar_relation",2023-06-21,2025-11-10,15,686.5,29,2026-02-25,2026-02-25,1,45.0,1
21927,447-30,2026-02-02 15:45:46.736326,416,6633,379-17,2023-05-31 06:22:27.300127,193,True,similar_relation,2023-06-06,2025-08-18,15,465.8,27,2026-05-21,2026-05-21,1,25.0,1
21925,447-28,2026-02-02 15:45:46.736326,416,6640,379-15,2023-05-31 06:22:32.079048,193,True,"main_product, similar_relation",2023-06-27,2026-06-29,14,454.5,26,,,0,0.0,0
21924,447-27,2026-02-02 15:45:46.736326,416,6631,379-14,2023-05-31 06:22:26.003122,193,True,"main_product, similar_relation",2023-08-25,2025-02-21,7,234.0,9,2026-05-02,2026-05-06,1,13.5,2
21886,432-17,2026-01-31 10:21:37.821117,419,14,351-02,2023-05-31 05:06:39.857961,8,True,similar_relation,2023-06-01,2026-08-11,24,1033.2,45,2026-02-11,2026-07-28,6,248.0,21
21887,432-19,2026-01-31 10:21:37.821117,419,16,351-04,2023-05-31 05:06:41.175680,8,True,similar_relation,2023-06-10,2026-03-07,10,215.5,13,2026-06-17,2026-07-07,2,145.2,3
21885,432-14,2026-01-31 10:21:37.821117,419,13,351-01,2023-05-31 05:06:39.210305,8,True,similar_relation,2023-11-15,2025-08-26,9,532.5,21,2026-02-24,2026-06-26,3,71.0,3
21888,432-20,2026-01-31 10:21:37.821117,419,20,351-08,2023-05-31 05:06:43.861810,8,True,similar_relation,2023-08-31,2026-02-26,8,150.5,9,2026-06-23,2026-07-02,2,56.5,4
21870,422-28,2026-01-19 08:40:39.835484,431,21767,422-04,2025-12-03 09:30:56.356091,431,True,similar_relation,2026-02-05,2026-08-10,7,442.5,34,2026-01-19,2026-08-08,8,469.0,33
21868,432-15,2026-01-14 14:04:01.678674,419,15,351-03,2023-05-31 05:06:40.469068,8,True,similar_relation,2023-06-19,2026-06-18,12,364.5,17,2026-02-07,2026-06-17,2,263.0,3
21735,438-69,2025-11-22 07:15:42.343085,415,12778,396-47,2024-01-16 13:17:22.879756,343,True,similar_relation,2024-05-23,2026-08-04,27,626.6,65,2026-05-11,2026-08-06,2,21.6,2
21714,438-45,2025-11-22 07:15:42.343085,415,15498,396-01,2024-03-26 11:49:55.996505,343,True,similar_relation,2024-05-07,2026-07-22,23,759.25,62,2026-07-15,2026-07-15,1,41.5,1
21726,438-58,2025-11-22 07:15:42.343085,415,12761,396-30,2024-01-16 13:17:22.879756,343,True,similar_relation,2024-05-08,2026-07-26,23,679.9,65,2026-07-31,2026-07-31,1,6.0,2
21733,438-67,2025-11-22 07:15:42.343085,415,12775,396-44,2024-01-16 13:17:22.879756,343,True,similar_relation,2024-06-25,2026-07-06,21,309.5,42,,,0,0.0,0
21731,438-65,2025-11-22 07:15:42.343085,415,12772,396-41,2024-01-16 13:17:22.879756,343,True,similar_relation,2024-05-08,2026-06-06,20,235.0,33,,,0,0.0,0
21736,438-70,2025-11-22 07:15:42.343085,415,12780,396-49,2024-01-16 13:17:22.879756,343,True,similar_relation,2024-06-04,2026-06-29,19,187.1,28,2026-04-03,2026-04-03,1,1.5,1
21718,438-49,2025-11-22 07:15:42.343085,415,12745,396-14,2024-01-16 13:17:22.879756,343,True,similar_relation,2024-07-29,2026-07-25,17,298.5,28,,,0,0.0,0
21720,438-52,2025-11-22 07:15:42.343085,415,12751,396-20,2024-01-16 13:17:22.879756,343,True,similar_relation,2024-07-29,2026-08-05,17,463.4,27,,,0,0.0,0
21734,438-68,2025-11-22 07:15:42.343085,415,12776,396-45,2024-01-16 13:17:22.879756,343,True,similar_relation,2024-06-04,2026-05-18,17,219.5,30,2026-07-13,2026-07-13,1,1.5,1
21727,438-59,2025-11-22 07:15:42.343085,415,12763,396-32,2024-01-16 13:17:22.879756,343,True,similar_relation,2024-06-10,2026-07-17,15,206.5,24,,,0,0.0,0
21716,438-47,2025-11-22 07:15:42.343085,415,12741,396-10,2024-01-16 13:17:22.879756,343,True,similar_relation,2024-06-01,2026-07-21,14,405.75,29,,,0,0.0,0
21724,438-56,2025-11-22 07:15:42.343085,415,12755,396-24,2024-01-16 13:17:22.879756,343,True,similar_relation,2024-06-19,2026-07-30,14,196.0,26,2026-04-01,2026-08-03,3,5.5,3
21723,438-55,2025-11-22 07:15:42.343085,415,12754,396-23,2024-01-16 13:17:22.879756,343,True,similar_relation,2024-03-27,2026-07-23,12,169.0,14,2026-04-01,2026-07-21,2,3.0,2
21728,438-60,2025-11-22 07:15:42.343085,415,12764,396-33,2024-01-16 13:17:22.879756,343,True,similar_relation,2024-07-25,2026-07-27,12,381.5,18,2026-07-21,2026-07-21,1,1.5,1
21721,438-53,2025-11-22 07:15:42.343085,415,12752,396-21,2024-01-16 13:17:22.879756,343,True,similar_relation,2024-07-29,2026-07-02,11,417.0,16,,,0,0.0,0
21722,438-54,2025-11-22 07:15:42.343085,415,12753,396-22,2024-01-16 13:17:22.879756,343,True,similar_relation,2024-05-09,2026-07-21,10,338.0,13,,,0,0.0,0
21732,438-66,2025-11-22 07:15:42.343085,415,12774,396-43,2024-01-16 13:17:22.879756,343,True,similar_relation,2024-06-19,2026-06-29,10,311.75,17,2026-07-16,2026-07-16,1,6.6,1
21717,438-48,2025-11-22 07:15:42.343085,415,12742,396-11,2024-01-16 13:17:22.879756,343,True,similar_relation,2024-06-25,2026-07-02,9,169.5,14,,,0,0.0,0
21719,438-50,2025-11-22 07:15:42.343085,415,12747,396-16,2024-01-16 13:17:22.879756,343,True,similar_relation,2024-08-05,2026-08-06,9,127.5,12,2026-08-05,2026-08-05,1,23.0,1
21729,438-62,2025-11-22 07:15:42.343085,415,12767,396-36,2024-01-16 13:17:22.879756,343,True,similar_relation,2024-08-31,2026-06-22,8,55.5,8,,,0,0.0,0
21730,438-63,2025-11-22 07:15:42.343085,415,12769,396-38,2024-01-16 13:17:22.879756,343,True,similar_relation,2024-05-27,2026-06-06,8,61.5,12,,,0,0.0,0
21725,438-57,2025-11-22 07:15:42.343085,415,12756,396-25,2024-01-16 13:17:22.879756,343,True,similar_relation,2024-06-06,2026-04-03,6,102.5,10,,,0,0.0,0
21098,437-12,2025-11-06 07:22:06.351644,404,6482,370-10,2023-05-31 06:20:51.281623,189,True,similar_relation,2023-06-10,2026-07-29,23,1105.0,38,2025-12-25,2026-02-26,2,75.5,3
21062,438-71,2025-10-25 08:29:28.455586,415,12782,396-51,2024-01-16 13:17:22.879756,343,True,similar_relation,2024-05-08,2026-06-10,17,524.0,30,,,0,0.0,0
21061,438-64,2025-10-25 08:29:28.455586,415,12770,396-39,2024-01-16 13:17:22.879756,343,True,similar_relation,2024-05-27,2026-03-04,14,119.5,23,,,0,0.0,0
21059,438-51,2025-10-25 08:29:28.455586,415,12748,396-17,2024-01-16 13:17:22.879756,343,True,similar_relation,2024-07-29,2026-05-06,12,325.5,25,,,0,0.0,0
21060,438-61,2025-10-25 08:29:28.455586,415,12765,396-34,2024-01-16 13:17:22.879756,343,True,similar_relation,2024-09-25,2026-07-17,12,152.71,16,,,0,0.0,0
20196,437-68,2025-10-04 16:29:33.589908,404,6509,370-38,2023-05-31 06:21:07.757862,189,True,similar_relation,2023-06-26,2025-12-30,13,183.0,13,2025-12-22,2025-12-22,1,6.0,1
20195,437-50,2025-10-04 16:29:19.047765,404,6476,370-04,2023-05-31 06:20:47.063472,189,True,similar_relation,2023-06-12,2026-01-05,18,461.5,26,2025-10-09,2026-06-20,3,55.5,3
20194,437-48,2025-10-04 16:29:07.486187,404,6487,370-15,2023-05-31 06:20:54.186598,189,True,similar_relation,2023-07-06,2026-01-17,12,204.5,16,2026-01-19,2026-06-03,2,84.0,2
20194,437-48,2025-10-04 16:29:07.486187,404,17833,418-04,2025-02-26 07:38:16.359574,385,True,"main_product, similar_relation",2025-04-26,2026-05-04,8,518.5,18,2026-01-19,2026-06-03,2,84.0,2
20193,437-46,2025-10-04 16:28:56.295264,404,6444,370-35,2023-05-31 06:20:27.156176,189,True,similar_relation,2023-06-07,2026-05-25,16,321.0,20,2025-10-17,2026-07-06,6,243.5,9
20192,437-42,2025-10-04 16:28:41.436524,404,6498,370-26,2023-05-31 06:21:01.021654,189,True,similar_relation,2023-06-06,2026-04-20,20,731.0,36,2025-11-29,2025-12-09,2,74.0,3
20191,437-18,2025-10-04 16:28:31.729808,404,6503,370-31,2023-05-31 06:21:04.227865,189,True,similar_relation,2023-06-08,2026-05-04,24,725.38,45,2025-10-11,2026-04-21,7,105.1,12
19947,AGORA ESQUIRE BONE 1326,2025-08-28 08:10:13.034215,406,19546,442-13,2025-08-20 06:44:09.116241,405,True,similar_relation,2025-09-04,2026-07-21,8,155.0,11,,,0,0.0,0
19988,AGORA BRUMA MUSGO 1017,2025-08-28 08:10:13.034215,406,19587,442-54,2025-08-20 06:44:09.116241,405,True,similar_relation,2025-09-04,2026-05-21,8,126.5,17,,,0,0.0,0
19989,AGORA BRUMA TEJA 1012,2025-08-28 08:10:13.034215,406,19588,442-55,2025-08-20 06:44:09.116241,405,True,similar_relation,2025-09-04,2026-07-31,8,216.5,15,,,0,0.0,0
19992,AGORA PANAMA BONE 1320PF,2025-08-28 08:10:13.034215,406,19591,442-58,2025-08-20 06:44:09.116241,405,True,similar_relation,2025-09-04,2026-05-07,8,393.25,21,,,0,0.0,0
19948,AGORA ESQUIRE FOSSIL 1331,2025-08-28 08:10:13.034215,406,19547,442-14,2025-08-20 06:44:09.116241,405,True,similar_relation,2025-09-04,2026-05-18,7,147.0,14,,,0,0.0,0
19935,AGORA ESQUIRE MUSTARD 1336,2025-08-28 08:10:13.034215,406,19534,442-01,2025-08-20 06:44:09.116241,405,True,similar_relation,2025-09-04,2026-06-12,6,109.0,10,,,0,0.0,0
19937,AGORA BRUMA AVENA 1022,2025-08-28 08:10:13.034215,406,19536,442-03,2025-08-20 06:44:09.116241,405,True,similar_relation,2025-09-04,2026-06-12,6,129.25,11,,,0,0.0,0
19946,AGORA ESQUIRE CREAM 1329,2025-08-28 08:10:13.034215,406,19545,442-12,2025-08-20 06:44:09.116241,405,True,similar_relation,2025-09-04,2026-08-11,6,88.5,8,,,0,0.0,0
19953,AGORA LISO NATURAL 3702,2025-08-28 08:10:13.034215,406,19552,442-19,2025-08-20 06:44:09.116241,405,True,similar_relation,2025-09-04,2026-05-21,6,203.0,18,,,0,0.0,0
19958,AGORA LISO ALABASTRO 3703,2025-08-28 08:10:13.034215,406,19557,442-24,2025-08-20 06:44:09.116241,405,True,similar_relation,2025-09-04,2026-08-06,6,41.0,9,,,0,0.0,0
19959,AGORA LISO MARMOL 1227,2025-08-28 08:10:13.034215,406,19558,442-25,2025-08-20 06:44:09.116241,405,True,similar_relation,2025-09-04,2026-07-11,6,314.25,11,,,0,0.0,0
19965,AGORA LISO AVENA 3707,2025-08-28 08:10:13.034215,406,19564,442-31,2025-08-20 06:44:09.116241,405,True,similar_relation,2025-09-04,2026-08-08,6,177.0,9,,,0,0.0,0
19985,AGORA BRUMA SOMBRA 1005,2025-08-28 08:10:13.034215,406,19584,442-51,2025-08-20 06:44:09.116241,405,True,similar_relation,2025-09-04,2026-07-06,6,91.0,7,,,0,0.0,0
19995,AGORA PANAMA STONE GREY 3669,2025-08-28 08:10:13.034215,406,19594,442-61,2025-08-20 06:44:09.116241,405,True,similar_relation,2025-09-04,2026-07-25,6,46.0,7,,,0,0.0,0
