product_id,product_name,forecast_age_months,cutoff_month,target_month,actual,analogue_forecast,own_recent_avg,category_baseline,analogue_count,analogue_status
22594,445-58,1,2026-07-01,2026-08-01,0.0,12.5,5.0,243.625,1,cold_start_historical_analogue
22568,360-30,1,2026-06-01,2026-07-01,0.0,7.1,15.0,67.79722222222222,2,cold_start_historical_analogue
22568,360-30,2,2026-07-01,2026-08-01,0.0,11.3,7.5,66.55945945945946,2,cold_start_historical_analogue
22538,423-21,1,2026-06-01,2026-07-01,0.0,2.3,7.5,57.75,1,cold_start_historical_analogue
22538,423-21,2,2026-07-01,2026-08-01,0.0,4.0,3.75,53.6,1,cold_start_historical_analogue
22464,422-13,1,2026-02-01,2026-03-01,23.0,,48.5,364.925,0,cold_start_no_usable_analogue
22464,422-13,2,2026-03-01,2026-04-01,30.0,,35.75,687.1166666666667,0,cold_start_no_usable_analogue
22464,422-13,3,2026-04-01,2026-05-01,55.0,,33.833333333333336,809.4625,0,cold_start_no_usable_analogue
22464,422-13,4,2026-05-01,2026-06-01,13.5,,36.0,922.47,0,cold_start_no_usable_analogue
22464,422-13,5,2026-06-01,2026-07-01,5.0,,32.833333333333336,1155.5583333333334,0,cold_start_no_usable_analogue
21982,422-23,1,2026-03-01,2026-04-01,5.0,40.9,46.0,687.1166666666667,1,cold_start_historical_analogue
21982,422-23,2,2026-04-01,2026-05-01,49.0,91.4,25.5,809.4625,1,cold_start_historical_analogue
21982,422-23,3,2026-05-01,2026-06-01,34.5,46.5,33.333333333333336,922.47,1,cold_start_historical_analogue
21982,422-23,4,2026-06-01,2026-07-01,31.5,83.5,29.5,1155.5583333333334,1,cold_start_historical_analogue
21982,422-23,5,2026-07-01,2026-08-01,0.0,34.3,38.333333333333336,1154.8500000000001,1,cold_start_historical_analogue
21980,422-08,1,2026-02-01,2026-03-01,461.5,,70.0,364.925,0,cold_start_no_usable_analogue
21980,422-08,2,2026-03-01,2026-04-01,36.0,,265.75,687.1166666666667,0,cold_start_no_usable_analogue
21980,422-08,3,2026-04-01,2026-05-01,46.0,,189.16666666666666,809.4625,0,cold_start_no_usable_analogue
21980,422-08,4,2026-05-01,2026-06-01,0.0,,181.16666666666666,922.47,0,cold_start_no_usable_analogue
21980,422-08,5,2026-06-01,2026-07-01,7.0,,27.333333333333332,1155.5583333333334,0,cold_start_no_usable_analogue
21983,422-30,1,2026-02-01,2026-03-01,13.0,,10.5,364.925,0,cold_start_no_usable_analogue
21983,422-30,2,2026-03-01,2026-04-01,0.0,,11.75,687.1166666666667,0,cold_start_no_usable_analogue
21983,422-30,3,2026-04-01,2026-05-01,0.0,,7.833333333333333,809.4625,0,cold_start_no_usable_analogue
21983,422-30,4,2026-05-01,2026-06-01,83.0,,4.333333333333333,922.47,0,cold_start_no_usable_analogue
21983,422-30,5,2026-06-01,2026-07-01,49.5,,27.666666666666668,1155.5583333333334,0,cold_start_no_usable_analogue
21960,424-26,1,2026-05-01,2026-06-01,2.0,1.7,1.0,63.805,1,cold_start_historical_analogue
21960,424-26,2,2026-06-01,2026-07-01,8.5,5.2,1.5,71.944,1,cold_start_historical_analogue
21960,424-26,3,2026-07-01,2026-08-01,0.0,8.2,3.8333333333333335,85.78666666666668,1,cold_start_historical_analogue
21919,447-22,1,2026-02-01,2026-03-01,6.5,138.4,30.5,307.75,1,cold_start_historical_analogue
21919,447-22,2,2026-03-01,2026-04-01,34.68,88.5,18.5,392.57,1,cold_start_historical_analogue
21919,447-22,3,2026-04-01,2026-05-01,319.5,23.3,23.893333333333334,467.34749999999997,1,cold_start_historical_analogue
21919,447-22,4,2026-05-01,2026-06-01,0.0,82.6,120.22666666666667,547.3779999999999,1,cold_start_historical_analogue
21919,447-22,5,2026-06-01,2026-07-01,94.0,143.5,118.06,597.9816666666667,1,cold_start_historical_analogue
21913,447-16,1,2026-05-01,2026-06-01,30.5,1915.2,47.0,547.3779999999999,1,cold_start_historical_analogue
21913,447-16,2,2026-06-01,2026-07-01,6.0,159.0,38.75,597.9816666666667,1,cold_start_historical_analogue
21913,447-16,3,2026-07-01,2026-08-01,0.0,139.7,27.833333333333332,622.3414285714285,1,cold_start_historical_analogue
21911,447-14,1,2026-03-01,2026-04-01,16.5,61.5,11.0,392.57,1,cold_start_historical_analogue
21911,447-14,2,2026-04-01,2026-05-01,0.0,58.9,13.75,467.34749999999997,1,cold_start_historical_analogue
21911,447-14,3,2026-05-01,2026-06-01,252.0,58.9,9.166666666666666,547.3779999999999,1,cold_start_historical_analogue
21911,447-14,4,2026-06-01,2026-07-01,0.0,61.0,89.5,597.9816666666667,1,cold_start_historical_analogue
21911,447-14,5,2026-07-01,2026-08-01,0.0,39.0,84.0,622.3414285714285,1,cold_start_historical_analogue
21914,447-17,1,2026-04-01,2026-05-01,206.0,51.7,29.0,467.34749999999997,1,cold_start_historical_analogue
21914,447-17,2,2026-05-01,2026-06-01,11.5,97.0,117.5,547.3779999999999,1,cold_start_historical_analogue
21914,447-17,3,2026-06-01,2026-07-01,0.0,57.8,82.16666666666667,597.9816666666667,1,cold_start_historical_analogue
21914,447-17,4,2026-07-01,2026-08-01,0.0,42.7,72.5,622.3414285714285,1,cold_start_historical_analogue
21922,447-25,1,2026-02-01,2026-03-01,0.0,54.5,45.0,307.75,1,cold_start_historical_analogue
21922,447-25,2,2026-03-01,2026-04-01,18.5,20.9,22.5,392.57,1,cold_start_historical_analogue
21922,447-25,3,2026-04-01,2026-05-01,13.0,39.2,21.166666666666668,467.34749999999997,1,cold_start_historical_analogue
21922,447-25,4,2026-05-01,2026-06-01,18.5,53.8,10.5,547.3779999999999,1,cold_start_historical_analogue
21922,447-25,5,2026-06-01,2026-07-01,0.0,99.0,16.666666666666668,597.9816666666667,1,cold_start_historical_analogue
21917,447-20,1,2026-02-01,2026-03-01,10.5,40.4,7.0,307.75,1,cold_start_historical_analogue
21917,447-20,2,2026-03-01,2026-04-01,47.0,55.1,8.75,392.57,1,cold_start_historical_analogue
21917,447-20,3,2026-04-01,2026-05-01,0.0,17.4,21.5,467.34749999999997,1,cold_start_historical_analogue
21917,447-20,4,2026-05-01,2026-06-01,0.0,32.6,19.166666666666668,547.3779999999999,1,cold_start_historical_analogue
21917,447-20,5,2026-06-01,2026-07-01,84.0,42.2,15.666666666666666,597.9816666666667,1,cold_start_historical_analogue
21915,447-18,1,2026-02-01,2026-03-01,52.5,108.3,32.0,307.75,1,cold_start_historical_analogue
21915,447-18,2,2026-03-01,2026-04-01,55.0,125.0,42.25,392.57,1,cold_start_historical_analogue
21915,447-18,3,2026-04-01,2026-05-01,55.5,51.3,46.5,467.34749999999997,1,cold_start_historical_analogue
21915,447-18,4,2026-05-01,2026-06-01,0.0,66.8,54.333333333333336,547.3779999999999,1,cold_start_historical_analogue
21915,447-18,5,2026-06-01,2026-07-01,0.0,38.3,36.833333333333336,597.9816666666667,1,cold_start_historical_analogue
21918,447-21,1,2026-02-01,2026-03-01,33.0,99.1,23.0,307.75,1,cold_start_historical_analogue
21918,447-21,2,2026-03-01,2026-04-01,0.0,30.2,28.0,392.57,1,cold_start_historical_analogue
21918,447-21,3,2026-04-01,2026-05-01,15.0,19.4,18.666666666666668,467.34749999999997,1,cold_start_historical_analogue
21918,447-21,4,2026-05-01,2026-06-01,41.5,25.0,16.0,547.3779999999999,1,cold_start_historical_analogue
21918,447-21,5,2026-06-01,2026-07-01,63.0,14.9,18.833333333333332,597.9816666666667,1,cold_start_historical_analogue
21912,447-15,1,2026-02-01,2026-03-01,0.0,60.0,20.5,307.75,1,cold_start_historical_analogue
21912,447-15,2,2026-03-01,2026-04-01,0.0,58.0,10.25,392.57,1,cold_start_historical_analogue
21912,447-15,3,2026-04-01,2026-05-01,0.0,45.9,6.833333333333333,467.34749999999997,1,cold_start_historical_analogue
21912,447-15,4,2026-05-01,2026-06-01,34.0,41.5,0.0,547.3779999999999,1,cold_start_historical_analogue
21912,447-15,5,2026-06-01,2026-07-01,24.0,9.2,11.333333333333334,597.9816666666667,1,cold_start_historical_analogue
21916,447-19,1,2026-04-01,2026-05-01,0.0,45.9,19.0,467.34749999999997,1,cold_start_historical_analogue
21916,447-19,2,2026-05-01,2026-06-01,0.0,79.6,9.5,547.3779999999999,1,cold_start_historical_analogue
21916,447-19,3,2026-06-01,2026-07-01,8.0,96.6,6.333333333333333,597.9816666666667,1,cold_start_historical_analogue
21916,447-19,4,2026-07-01,2026-08-01,154.0,105.1,2.6666666666666665,622.3414285714285,1,cold_start_historical_analogue
21929,447-32,1,2026-04-01,2026-05-01,0.0,10.9,19.5,467.34749999999997,1,cold_start_historical_analogue
21929,447-32,2,2026-05-01,2026-06-01,18.5,6.5,9.75,547.3779999999999,1,cold_start_historical_analogue
21929,447-32,3,2026-06-01,2026-07-01,0.0,7.2,12.666666666666666,597.9816666666667,1,cold_start_historical_analogue
21929,447-32,4,2026-07-01,2026-08-01,0.0,8.1,6.166666666666667,622.3414285714285,1,cold_start_historical_analogue
21920,447-23,1,2026-02-01,2026-03-01,0.0,21.6,22.0,307.75,1,cold_start_historical_analogue
21920,447-23,2,2026-03-01,2026-04-01,32.0,20.3,11.0,392.57,1,cold_start_historical_analogue
21920,447-23,3,2026-04-01,2026-05-01,7.0,14.1,18.0,467.34749999999997,1,cold_start_historical_analogue
21920,447-23,4,2026-05-01,2026-06-01,14.5,7.0,13.0,547.3779999999999,1,cold_start_historical_analogue
21920,447-23,5,2026-06-01,2026-07-01,18.0,15.1,17.833333333333332,597.9816666666667,1,cold_start_historical_analogue
21928,447-31,1,2026-02-01,2026-03-01,0.0,25.7,20.5,307.75,1,cold_start_historical_analogue
21928,447-31,2,2026-03-01,2026-04-01,0.0,35.7,10.25,392.57,1,cold_start_historical_analogue
21928,447-31,3,2026-04-01,2026-05-01,0.0,13.8,6.833333333333333,467.34749999999997,1,cold_start_historical_analogue
21928,447-31,4,2026-05-01,2026-06-01,28.0,4.5,0.0,547.3779999999999,1,cold_start_historical_analogue
21928,447-31,5,2026-06-01,2026-07-01,44.5,5.6,9.333333333333334,597.9816666666667,1,cold_start_historical_analogue
21921,447-24,1,2026-05-01,2026-06-01,0.0,14.6,13.5,547.3779999999999,1,cold_start_historical_analogue
21921,447-24,2,2026-06-01,2026-07-01,0.0,6.3,6.75,597.9816666666667,1,cold_start_historical_analogue
21921,447-24,3,2026-07-01,2026-08-01,0.0,7.9,4.5,622.3414285714285,1,cold_start_historical_analogue
21926,447-29,1,2026-02-01,2026-03-01,0.0,11.7,18.0,307.75,1,cold_start_historical_analogue
21926,447-29,2,2026-03-01,2026-04-01,0.0,20.2,9.0,392.57,1,cold_start_historical_analogue
21926,447-29,3,2026-04-01,2026-05-01,0.0,13.0,6.0,467.34749999999997,1,cold_start_historical_analogue
21926,447-29,4,2026-05-01,2026-06-01,17.5,5.9,0.0,547.3779999999999,1,cold_start_historical_analogue
21926,447-29,5,2026-06-01,2026-07-01,0.0,8.5,5.833333333333333,597.9816666666667,1,cold_start_historical_analogue
21923,447-26,1,2026-02-01,2026-03-01,0.0,126.5,45.0,307.75,1,cold_start_historical_analogue
21923,447-26,2,2026-03-01,2026-04-01,0.0,10.8,22.5,392.57,1,cold_start_historical_analogue
21923,447-26,3,2026-04-01,2026-05-01,0.0,14.3,15.0,467.34749999999997,1,cold_start_historical_analogue
21923,447-26,4,2026-05-01,2026-06-01,0.0,16.7,0.0,547.3779999999999,1,cold_start_historical_analogue
21923,447-26,5,2026-06-01,2026-07-01,0.0,3.4,0.0,597.9816666666667,1,cold_start_historical_analogue
21927,447-30,1,2026-05-01,2026-06-01,0.0,19.7,25.0,547.3779999999999,1,cold_start_historical_analogue
21927,447-30,2,2026-06-01,2026-07-01,0.0,34.1,12.5,597.9816666666667,1,cold_start_historical_analogue
21927,447-30,3,2026-07-01,2026-08-01,0.0,9.6,8.333333333333334,622.3414285714285,1,cold_start_historical_analogue
21924,447-27,1,2026-05-01,2026-06-01,0.0,2.0,13.5,547.3779999999999,1,cold_start_historical_analogue
21924,447-27,2,2026-06-01,2026-07-01,0.0,3.7,6.75,597.9816666666667,1,cold_start_historical_analogue
21924,447-27,3,2026-07-01,2026-08-01,0.0,39.6,4.5,622.3414285714285,1,cold_start_historical_analogue
21886,432-17,1,2026-02-01,2026-03-01,33.0,22.6,96.0,195.2,1,cold_start_historical_analogue
21886,432-17,2,2026-03-01,2026-04-01,7.5,45.6,64.5,197.46666666666667,1,cold_start_historical_analogue
21886,432-17,3,2026-04-01,2026-05-01,14.0,74.0,45.5,161.1,1,cold_start_historical_analogue
21886,432-17,4,2026-05-01,2026-06-01,2.0,7.1,18.166666666666668,142.57999999999998,1,cold_start_historical_analogue
21886,432-17,5,2026-06-01,2026-07-01,95.5,10.4,7.833333333333333,279.14166666666665,1,cold_start_historical_analogue
21887,432-19,1,2026-06-01,2026-07-01,35.0,60.9,110.2,279.14166666666665,1,cold_start_historical_analogue
21887,432-19,2,2026-07-01,2026-08-01,0.0,35.2,72.6,317.12142857142857,1,cold_start_historical_analogue
21885,432-14,1,2026-02-01,2026-03-01,64.0,3.9,3.0,195.2,1,cold_start_historical_analogue
21885,432-14,2,2026-03-01,2026-04-01,0.0,109.0,33.5,197.46666666666667,1,cold_start_historical_analogue
21885,432-14,3,2026-04-01,2026-05-01,0.0,11.6,22.333333333333332,161.1,1,cold_start_historical_analogue
21885,432-14,4,2026-05-01,2026-06-01,4.0,10.0,21.333333333333332,142.57999999999998,1,cold_start_historical_analogue
21885,432-14,5,2026-06-01,2026-07-01,0.0,14.7,1.3333333333333333,279.14166666666665,1,cold_start_historical_analogue
21888,432-20,1,2026-06-01,2026-07-01,36.0,4.8,20.5,279.14166666666665,1,cold_start_historical_analogue
21888,432-20,2,2026-07-01,2026-08-01,0.0,13.8,28.25,317.12142857142857,1,cold_start_historical_analogue
21870,422-28,1,2026-01-01,2026-02-01,65.0,,7.0,33.0,0,cold_start_no_usable_analogue
21870,422-28,2,2026-02-01,2026-03-01,63.5,,36.0,364.925,0,cold_start_no_usable_analogue
21870,422-28,3,2026-03-01,2026-04-01,39.0,,45.166666666666664,687.1166666666667,0,cold_start_no_usable_analogue
21870,422-28,4,2026-04-01,2026-05-01,81.5,,55.833333333333336,809.4625,0,cold_start_no_usable_analogue
21870,422-28,5,2026-05-01,2026-06-01,179.5,,61.333333333333336,922.47,0,cold_start_no_usable_analogue
21868,432-15,1,2026-02-01,2026-03-01,0.0,2.2,7.0,195.2,1,cold_start_historical_analogue
21868,432-15,2,2026-03-01,2026-04-01,0.0,2.9,3.5,197.46666666666667,1,cold_start_historical_analogue
21868,432-15,3,2026-04-01,2026-05-01,0.0,0.6,2.3333333333333335,161.1,1,cold_start_historical_analogue
21868,432-15,4,2026-05-01,2026-06-01,256.0,0.0,0.0,142.57999999999998,1,cold_start_historical_analogue
21868,432-15,5,2026-06-01,2026-07-01,0.0,24.0,85.33333333333333,279.14166666666665,1,cold_start_historical_analogue
21735,438-69,1,2026-05-01,2026-06-01,0.0,28.2,21.0,66.625,1,cold_start_historical_analogue
21735,438-69,2,2026-06-01,2026-07-01,0.0,3.9,10.5,55.4,1,cold_start_historical_analogue
21735,438-69,3,2026-07-01,2026-08-01,0.6,2.5,7.0,85.64166666666667,1,cold_start_historical_analogue
21714,438-45,1,2026-07-01,2026-08-01,0.0,19.5,41.5,85.64166666666667,1,cold_start_historical_analogue
21726,438-58,1,2026-07-01,2026-08-01,0.0,7.3,6.0,85.64166666666667,1,cold_start_historical_analogue
21736,438-70,1,2026-04-01,2026-05-01,0.0,0.6,1.5,76.66666666666667,1,cold_start_historical_analogue
21736,438-70,2,2026-05-01,2026-06-01,0.0,1.1,0.75,66.625,1,cold_start_historical_analogue
21736,438-70,3,2026-06-01,2026-07-01,0.0,1.6,0.5,55.4,1,cold_start_historical_analogue
21736,438-70,4,2026-07-01,2026-08-01,0.0,0.5,0.0,85.64166666666667,1,cold_start_historical_analogue
21734,438-68,1,2026-07-01,2026-08-01,0.0,0.2,1.5,85.64166666666667,1,cold_start_historical_analogue
21724,438-56,1,2026-04-01,2026-05-01,0.0,0.4,1.0,76.66666666666667,1,cold_start_historical_analogue
21724,438-56,2,2026-05-01,2026-06-01,0.0,1.4,0.5,66.625,1,cold_start_historical_analogue
21724,438-56,3,2026-06-01,2026-07-01,1.5,2.6,0.3333333333333333,55.4,1,cold_start_historical_analogue
21724,438-56,4,2026-07-01,2026-08-01,3.0,5.1,0.5,85.64166666666667,1,cold_start_historical_analogue
21723,438-55,1,2026-04-01,2026-05-01,0.0,0.3,1.0,76.66666666666667,1,cold_start_historical_analogue
21723,438-55,2,2026-05-01,2026-06-01,0.0,0.4,0.5,66.625,1,cold_start_historical_analogue
21723,438-55,3,2026-06-01,2026-07-01,2.0,0.7,0.3333333333333333,55.4,1,cold_start_historical_analogue
21723,438-55,4,2026-07-01,2026-08-01,0.0,0.4,0.6666666666666666,85.64166666666667,1,cold_start_historical_analogue
21728,438-60,1,2026-07-01,2026-08-01,0.0,0.4,1.5,85.64166666666667,1,cold_start_historical_analogue
21732,438-66,1,2026-07-01,2026-08-01,0.0,2.3,6.6,85.64166666666667,1,cold_start_historical_analogue
21098,437-12,1,2025-12-01,2026-01-01,0.0,6.3,17.5,885.4266666666666,1,cold_start_historical_analogue
21098,437-12,2,2026-01-01,2026-02-01,58.0,11.5,8.75,864.9449999999999,1,cold_start_historical_analogue
21098,437-12,3,2026-02-01,2026-03-01,0.0,88.8,25.166666666666668,831.5559999999999,1,cold_start_historical_analogue
21098,437-12,4,2026-03-01,2026-04-01,0.0,20.9,19.333333333333332,741.7966666666666,1,cold_start_historical_analogue
21098,437-12,5,2026-04-01,2026-05-01,0.0,39.8,19.333333333333332,672.8971428571429,1,cold_start_historical_analogue
20196,437-68,1,2025-12-01,2026-01-01,0.0,2.5,6.0,885.4266666666666,1,cold_start_historical_analogue
20196,437-68,2,2026-01-01,2026-02-01,0.0,4.3,3.0,864.9449999999999,1,cold_start_historical_analogue
20196,437-68,3,2026-02-01,2026-03-01,0.0,1.7,2.0,831.5559999999999,1,cold_start_historical_analogue
20196,437-68,4,2026-03-01,2026-04-01,0.0,2.0,0.0,741.7966666666666,1,cold_start_historical_analogue
20196,437-68,5,2026-04-01,2026-05-01,0.0,0.9,0.0,672.8971428571429,1,cold_start_historical_analogue
20195,437-50,1,2025-10-01,2025-11-01,0.0,6.6,10.5,462.0,1,cold_start_historical_analogue
20195,437-50,2,2025-11-01,2025-12-01,0.0,13.7,5.25,748.09,1,cold_start_historical_analogue
20195,437-50,3,2025-12-01,2026-01-01,0.0,8.5,3.5,885.4266666666666,1,cold_start_historical_analogue
20195,437-50,4,2026-01-01,2026-02-01,33.0,7.1,0.0,864.9449999999999,1,cold_start_historical_analogue
20195,437-50,5,2026-02-01,2026-03-01,0.0,15.1,11.0,831.5559999999999,1,cold_start_historical_analogue
20194,437-48,1,2026-01-01,2026-02-01,0.0,89.6,24.0,864.9449999999999,2,cold_start_historical_analogue
20194,437-48,2,2026-02-01,2026-03-01,0.0,27.0,12.0,831.5559999999999,2,cold_start_historical_analogue
20194,437-48,3,2026-03-01,2026-04-01,0.0,6.7,8.0,741.7966666666666,2,cold_start_historical_analogue
20194,437-48,4,2026-04-01,2026-05-01,0.0,9.7,0.0,672.8971428571429,2,cold_start_historical_analogue
20194,437-48,5,2026-05-01,2026-06-01,60.0,1.2,0.0,633.51,2,cold_start_historical_analogue
20193,437-46,1,2025-10-01,2025-11-01,96.0,19.5,48.5,462.0,1,cold_start_historical_analogue
20193,437-46,2,2025-11-01,2025-12-01,60.0,59.0,72.25,748.09,1,cold_start_historical_analogue
20193,437-46,3,2025-12-01,2026-01-01,0.0,111.4,68.16666666666667,885.4266666666666,1,cold_start_historical_analogue
20193,437-46,4,2026-01-01,2026-02-01,14.5,82.6,52.0,864.9449999999999,1,cold_start_historical_analogue
20193,437-46,5,2026-02-01,2026-03-01,0.0,37.7,24.833333333333332,831.5559999999999,1,cold_start_historical_analogue
20192,437-42,1,2025-11-01,2025-12-01,70.0,5.6,4.0,748.09,1,cold_start_historical_analogue
20192,437-42,2,2025-12-01,2026-01-01,0.0,64.5,37.0,885.4266666666666,1,cold_start_historical_analogue
20192,437-42,3,2026-01-01,2026-02-01,0.0,141.1,24.666666666666668,864.9449999999999,1,cold_start_historical_analogue
20192,437-42,4,2026-02-01,2026-03-01,0.0,29.3,23.333333333333332,831.5559999999999,1,cold_start_historical_analogue
20192,437-42,5,2026-03-01,2026-04-01,0.0,24.5,0.0,741.7966666666666,1,cold_start_historical_analogue
20191,437-18,1,2025-10-01,2025-11-01,18.5,2.6,3.5,462.0,1,cold_start_historical_analogue
20191,437-18,2,2025-11-01,2025-12-01,5.1,7.4,11.0,748.09,1,cold_start_historical_analogue
20191,437-18,3,2025-12-01,2026-01-01,24.0,7.3,9.033333333333333,885.4266666666666,1,cold_start_historical_analogue
20191,437-18,4,2026-01-01,2026-02-01,2.0,10.2,15.866666666666667,864.9449999999999,1,cold_start_historical_analogue
20191,437-18,5,2026-02-01,2026-03-01,24.5,9.9,10.366666666666667,831.5559999999999,1,cold_start_historical_analogue
