scenario,product_id,product_name,action,priority,next_month_forecast,current_stock,reorder_point,buffered_target_stock,stock_gap,coverage_ratio,suggested_purchase_qty,reason_codes
normal_healthy,604,330-08,purchase,medium,0.0,16.75,20.7,22.77,6.02,0.736,7,{stock_below_target}
dead_stock_candidate,1047,314-09,dead_stock,medium,0.0,871.0,0.0,0.0,0.0,,0,"{dead_stock_detected,stock_remains_without_recent_demand}"
intermittent,5448,353-20,excess_stock,low,0.0,630.5,5.0,5.5,0.0,114.636,0,"{stock_far_above_target,zero_forecast}"
low_demand,9220,392-31,excess_stock,low,0.0,147.7,0.1,0.11,0.0,1342.727,0,"{stock_far_above_target,zero_forecast}"
excess_stock,9436,Naples-03,excess_stock,low,0.0,495.8,0.1,0.11,0.0,4507.273,0,"{stock_far_above_target,zero_forecast}"
fast_moving,16697,413-11,purchase,high,255.2,151.0,924.7,1017.17,866.17,0.148,867,"{stock_below_target,positive_forecast}"
rising_demand,16905,415-39,review,high,2.0,142.0,530.0,583.0,441.0,0.244,441,"{stock_below_target,positive_forecast,rising_demand,low_forecast_confidence}"
falling_demand,17402,419-33,dead_stock,medium,0.0,196.5,0.0,0.0,0.0,,0,"{dead_stock_detected,stock_remains_without_recent_demand}"
reorder_needed,22596,Buckby Latte - AW,review,high,72.3,0.0,289.4,318.34,318.34,0.0,319,"{stock_below_target,positive_forecast,low_forecast_confidence}"
cold_start,22662,433-47,review,high,6.3,8.1,25.2,27.72,19.62,0.292,20,"{stock_below_target,positive_forecast,low_forecast_confidence}"
