scenario,product_id,product_name,history_months,months_since_last_sale,recent_avg,previous_avg,trend_pct,active_ratio,stock_on_hand,reorder_proxy,stock_ratio
fast_moving,16697,413-11,23,0,231.17,253.93,-0.08965607771068516,1.0,151.0,924.67,0.16330209084354724
rising_demand,16905,415-39,22,1,132.5,11.67,10.357142857142858,0.682,142.0,530.0,0.2679245283018868
falling_demand,17402,419-33,19,7,0.0,18.67,-1.0,0.474,196.5,0.0,
low_demand,9220,392-31,26,4,0.02,0.0,,0.269,147.7,0.07,2215.5
reorder_needed,22596,Buckby Latte - AW,2,1,2.67,0.0,,0.5,0.0,10.67,0.0
excess_stock,9436,Naples-03,32,4,0.02,0.67,-0.9749999999999999,0.281,495.8,0.07,7437.0
intermittent,5448,353-20,39,4,1.25,0.0,,0.051,630.5,5.0,126.1
dead_stock_candidate,1047,314-09,39,38,0.0,0.0,,0.026,871.0,0.0,
cold_start,22662,433-47,1,0,7.0,0.0,,1.0,8.1,28.0,0.28928571428571426
normal_healthy,604,330-08,39,3,5.17,1.33,2.8750000000000004,0.308,16.75,20.67,0.8104838709677419
