group,group_name,forecast_before,forecast_after,safety_stock_before,safety_stock_after,target_before,target_after,purchase_before,purchase_after,model_before,model_after
10699,393-29,8.93,19.8,23.76,27.97,55.04,97.27,55.04,97.27,croston,ses
4985,1104-39,8.45,8.45,32.01,32.01,61.58,61.58,61.58,61.58,croston,croston
11440,1102-27,0.0,13.0,37.5,34.5,62.5,57.5,62.5,57.5,seasonal_naive,trimmed_mean_3
820,DE-V1-160,0.0,0.0,0.0,0.0,0.0,0.0,0.0,0.0,seasonal_naive,seasonal_naive
10692,393-22,5.0,7.5,26.25,35.7,43.75,70.32,43.75,70.32,median_baseline,moving_average_6
10693,393-23,0.0,0.0,18.0,18.0,30.0,30.0,30.0,30.0,seasonal_naive,seasonal_naive
6909,373-37,0.0,45.0,45.91,33.75,80.91,56.25,80.91,56.25,seasonal_naive,seasonal_naive
6623,379-06,12.25,12.25,80.39,80.39,133.98,133.98,133.98,133.98,trimmed_mean_3,trimmed_mean_3
6032,18825,0.0,0.0,0.0,0.0,0.0,0.0,0.0,0.0,trimmed_mean_3,trimmed_mean_3
10063,DE-V1-05,0.0,0.0,0.0,0.0,0.0,0.0,0.0,0.0,trimmed_mean_3,trimmed_mean_3
10700,393-30,0.0,0.0,0.0,0.0,0.0,0.0,0.0,0.0,trimmed_mean_3,trimmed_mean_3
9124,385-07,3.0,0.5,15.75,10.0,26.25,12.19,26.25,12.19,previous_month,trimmed_mean_3
6907,377-14,0.0,0.0,0.0,0.0,0.0,0.0,0.0,0.0,trimmed_mean_3,trimmed_mean_3
854,202-18,55.0,55.0,20.92,20.92,90.42,90.42,90.42,90.42,seasonal_naive,seasonal_naive
8502,360-30,0.0,8.0,0.0,2.36,0.0,30.36,0.0,30.36,trimmed_mean_3,trimmed_mean_3
1882,301-02,0.0,0.0,0.0,0.0,0.0,0.0,0.0,0.0,trimmed_mean_3,trimmed_mean_3
14403,394-27,90.0,90.0,99.75,99.75,166.25,166.25,166.25,166.25,seasonal_naive,seasonal_naive
273,344-06,0.0,0.0,10.5,10.5,17.5,17.5,17.5,17.5,seasonal_naive,seasonal_naive
176,345-65,0.0,0.0,0.0,0.0,0.0,0.0,0.0,0.0,trimmed_mean_3,trimmed_mean_3
15820,407-44,0.0,0.0,0.0,0.0,0.0,0.0,0.0,0.0,trimmed_mean_3,trimmed_mean_3
790,324-53,0.0,0.0,0.0,0.0,0.0,0.0,0.0,0.0,trimmed_mean_3,trimmed_mean_3
576,1104-15,0.0,0.0,0.0,0.0,0.0,0.0,0.0,0.0,trimmed_mean_3,trimmed_mean_3
292,344-25,0.0,0.0,82.67,82.67,400.67,400.67,400.67,400.67,seasonal_naive,seasonal_naive
5761,362-26,0.0,0.0,0.0,0.0,0.0,0.0,0.0,0.0,trimmed_mean_3,trimmed_mean_3
1552,201-11 CC,44.25,44.25,211.64,211.64,352.73,352.73,352.73,352.73,trimmed_mean_3,trimmed_mean_3
6127,367-13,0.0,0.0,0.0,0.0,0.0,0.0,0.0,0.0,trimmed_mean_3,trimmed_mean_3
5230,355-38,0.0,0.0,0.0,0.0,0.0,0.0,0.0,0.0,trimmed_mean_3,trimmed_mean_3
4827,1706-05,0.0,22.0,0.0,6.48,0.0,83.48,0.0,83.48,trimmed_mean_3,trimmed_mean_3
10430,Lee Cooper Ladies 3 Hands Fn Silver&Blue (LC07824.380),0.0,1.0,0.0,0.29,0.0,3.79,0.0,3.79,trimmed_mean_3,trimmed_mean_3
6114,366-26,0.0,0.0,0.0,0.0,0.0,0.0,0.0,0.0,trimmed_mean_3,trimmed_mean_3
1595,201-55,11.34,11.34,27.53,27.53,67.22,67.22,67.22,67.22,croston,croston
1268,Lisos 21,0.0,0.0,0.0,0.0,0.0,0.0,0.0,0.0,trimmed_mean_3,trimmed_mean_3
9612,Leviotto Women's Sneaker NUDE (LVTW21003),0.0,1.0,0.0,0.29,0.0,3.79,0.0,3.79,trimmed_mean_3,trimmed_mean_3
19618,437-57,0.0,0.0,0.0,0.0,0.0,0.0,0.0,0.0,trimmed_mean_3,trimmed_mean_3
173,345-99,0.0,0.0,0.0,0.0,0.0,0.0,0.0,0.0,trimmed_mean_3,trimmed_mean_3
10073,DE-V1-107,0.0,0.0,0.0,0.0,0.0,0.0,0.0,0.0,trimmed_mean_3,trimmed_mean_3
15805,407-29,0.0,0.0,12.84,12.84,30.84,30.84,30.84,30.84,seasonal_naive,seasonal_naive
20310,443-35,28.0,28.0,8.25,8.25,106.25,106.25,106.25,106.25,trimmed_mean_3,trimmed_mean_3
13277,401-06,6.95,6.95,20.42,20.42,44.75,44.75,44.75,44.75,ses,ses
