main_product_template_id,name,pattern,mean_sales,std_sales,cv_demand,eval_count_1m,rmse_1m,mae_1m,std_err_1m,q80_shortfall_1m,rmse_4m,std_err_4m,q80_shortfall_4m,cv_error
10699,393-29,fast_moving,72.5625,98.88162929939628,1.362709792239742,26,128.97744100602065,86.375,121.1175117219226,154.5,383.8459328888513,335.1924256747723,505.17500000000007,1.777466887249208
4985,1104-39,intermittent,6.385714285714286,17.416222033379295,2.727372577934118,29,16.377549814640602,5.310344827586207,15.828018174557611,0.0,36.09712875461043,30.668219488184246,47.0,2.5647169732099377
11440,1102-27,intermittent,9.484375,18.031998607761775,1.901232143157749,26,16.198958299841383,9.028846153846153,14.96470514737691,8.0,35.51967470431766,25.494289552164666,40.506250000000016,1.7079626543490092
820,DE-V1-160,falling,50.2,89.4233520811868,1.7813416749240398,34,101.32401978452157,41.52205882352941,97.45623768342539,35.90000000000001,220.9764673824902,186.7585354106869,209.5,2.0184067686159675
10692,393-22,fast_moving,81.75757575757575,102.01073175867035,1.2477220711772135,27,111.00216881431408,74.81481481481481,101.94113258656463,79.45000000000002,292.2510037107176,209.9069065491806,410.6312500000001,1.3576988772692233
10693,393-23,falling,77.46969696969697,87.9217460474387,1.1349179032135643,27,102.66774891204476,80.14814814814815,96.0097017274231,96.25,283.3127252002929,236.76293042060905,323.0187500000001,1.3252633342841686
6909,373-37,intermittent,10.820512820512821,21.70965319472786,2.006342356858736,33,25.69451951940984,12.969696969696969,24.476199999002798,11.800000000000011,67.23612048919465,60.0825581824131,79.00000000000004,2.3746119934999617
6623,379-06,falling,279.96125,332.7537567430345,1.1885707637861829,34,399.62552333035336,278.5279411764706,380.7924880161087,497.1200000000001,1154.9894902719284,1050.97778974735,1596.5,1.427431558225838
6032,18825,dead_stock,8.27027027027027,13.98639944265033,1.6911659456799417,31,9.742966859525206,4.685483870967742,9.3128507099316,3.75,24.492834884073385,21.072902201185386,24.356250000000003,1.1780711562171
10063,DE-V1-05,dead_stock,2.2565789473684212,11.433191197258024,5.066603679251369,32,1.9456732848168523,0.35546875,1.9171332192295447,0.0,3.911049852785033,3.6319412867506937,0.0,0.8622225635339986
10700,393-30,dead_stock,9.640625,37.46530316882886,3.8861902800730097,26,3.2113081446662823,1.1346153846153846,3.2113081446662823,0.0,10.14714684010068,9.94148333423762,0.0,0.3331016552003923
9124,385-07,intermittent,55.755714285714284,80.85984585855273,1.45025217404973,29,55.37371563856529,32.65948275862069,53.60274258915925,39.800000000000054,174.31426422474595,158.14812098658953,186.6875,0.9931487085755644
6907,377-14,dead_stock,1.4102564102564104,5.8296788244020386,4.133772257303264,33,0.5222329678670935,0.09090909090909091,0.51425947722658,0.0,0.9486832980505138,0.9,0.0,0.3703106499421208
854,202-18,dead_stock,3.1375,9.247305567375301,2.947348388008064,34,6.108696789871653,2.161764705882353,6.100123375007378,0.0,16.743224285537313,16.64614392885969,6.34375,1.9469949927877777
8502,360-30,dead_stock,0.21621621621621623,1.3151918984428583,6.082762530298219,31,0.0,0.0,0.0,0.0,0.0,0.0,0.0,0.0
1882,301-02,dead_stock,2.6621621621621623,9.77386968035325,3.671402824092084,31,0.6286185570937122,0.11290322580645161,0.6183964358929295,0.0,1.3228756555322954,1.224744871391589,0.0,0.23613082855296802
14403,394-27,intermittent,22.6,71.29182173400991,3.1545053864606154,21,82.82801386579531,25.830952380952382,80.14096601056526,19.0,201.42582107415947,178.24162752082944,266.7200000000005,3.6649563657431554
273,344-06,intermittent,2.3289473684210527,7.902510989748826,3.3931685605701176,32,5.021049442098733,1.578125,4.833532570426623,0.0,11.7484465682592,10.373515358726799,10.5,2.155930833895501
176,345-65,dead_stock,2.5641025641025643,10.893732799412389,4.248555791770832,33,0.0,0.0,0.0,0.0,0.0,0.0,0.0,0.0
15820,407-44,intermittent,1.5966666666666667,5.039600650115412,3.156326085667273,24,1.9339079605813716,0.975,1.8636135746327767,0.40000000000000213,5.138470971852563,4.881457073210455,6.0,1.2112158417002328
790,324-53,dead_stock,5.825,22.162439350141895,3.8047106180501107,34,9.774667137404672,2.676470588235294,9.66783988425965,0.0,15.15299162680213,15.065172058231555,0.0,1.6780544441896432
576,1104-15,intermittent,1.8,9.419565017993406,5.233091676663004,34,10.131488480155786,1.8235294117647058,9.966032275081115,0.0,21.22080537220869,19.655090451207833,3.0,5.628604711197659
292,344-25,dead_stock,9.513513513513514,44.545620573882594,4.682352162595613,31,49.34343110838957,11.870967741935484,48.580195345559225,0.0,120.19466632301119,113.63008999959617,0.0,5.186667474461403
5761,362-26,dead_stock,1.135135135135135,4.81987875690159,4.2460836667942585,31,0.0,0.0,0.0,0.0,0.0,0.0,0.0,0.0
1552,201-11 CC,falling,114.9625,190.36895309183706,1.655922175421003,34,216.2245777304372,105.75735294117646,208.52999784722255,84.40000000000006,568.2743978362382,526.77553899527,669.3125,1.8808270325578966
6127,367-13,dead_stock,8.6875,15.664220008080148,1.8030756843833264,34,13.25527087170809,6.3088235294117645,12.824195543950545,5.550000000000023,33.52205449552289,29.75168355537048,35.0,1.5257865751606434
5230,355-38,dead_stock,3.475,13.560382529964796,3.902268353946704,34,5.196859911636687,1.25,5.044289141313816,0.0,9.818514439896273,8.831554674034345,0.0,1.495499255147248
4827,1706-05,dead_stock,1.1,4.919349550499536,4.472135954999578,14,0.0,0.0,0.0,0.0,0.0,0.0,0.0,0.0
10430,Lee Cooper Ladies 3 Hands Fn Silver&Blue (LC07824.380),dead_stock,0.9393939393939394,2.79440729336511,2.9746916348725363,27,0.0,0.0,0.0,0.0,0.0,0.0,0.0,0.0
6114,366-26,dead_stock,0.675,1.9399643137082543,2.87402120549371,34,2.0,0.5882352941176471,1.9115384481496378,0.0,4.1890795047091425,3.299796607108237,6.0,2.962962962962963
1595,201-55,intermittent,7.684210526315789,13.32921048159226,1.7346232818510474,32,11.891682361003426,6.8046875,11.414185488728215,8.800000000000004,37.19154525592755,31.520335124546246,36.5,1.5475477045141444
1268,Lisos 21,dead_stock,0.30303030303030304,1.7407765595569782,5.744562646538028,27,0.0,0.0,0.0,0.0,0.0,0.0,0.0,0.0
9612,Leviotto Women's Sneaker NUDE (LVTW21003),dead_stock,0.23529411764705882,1.0747465812477577,4.56767297030297,28,0.0,0.0,0.0,0.0,0.0,0.0,0.0,0.0
19618,437-57,intermittent,13.045454545454545,15.961601651235608,1.223537408805517,5,12.098553632562862,8.8,11.017032268265352,13.200000000000003,30.322493520178217,4.515625,32.69375,0.9274152610326932
173,345-99,dead_stock,0.24242424242424243,1.3926212476455828,5.744562646538029,27,0.0,0.0,0.0,0.0,0.0,0.0,0.0,0.0
10073,DE-V1-107,dead_stock,2.75625,8.960291229098328,3.2508993121445178,34,9.908867834657292,3.2573529411764706,9.44614870442027,2.0,23.444848310415384,19.47685518614973,25.6875,3.5950540896715797
15805,407-29,intermittent,2.408333333333333,8.023801697335307,3.33168236567556,24,7.387436547950852,1.9270833333333333,7.179698362493293,1.0,16.57873404192961,14.480415702806717,5.5,3.067447701571288
13277,401-06,intermittent,6.951612903225806,11.712069870230508,1.68479891404708,25,14.039408819462448,8.34,12.934194988479183,14.0,33.705530204036656,26.41145374541661,38.8,2.0195901318020226
