template_id,name,pattern,total_stock,sales_len,total_sales,mean_sales,best_model,current_confidence,single_fold_wape,single_fold_mase,n_oos_obs,oos_wape,oos_mase,oos_mae,oos_rmse,oos_bias,oos_under_rate,oos_over_rate
10699,393-29,fast_moving,312.3,32,2322.0,72.5625,moving_average_3,normal,0.8052,0.2859,26,1.0263939670932358,0.8123677404185281,86.375,128.97744100602065,-44.33653846153846,0.5384615384615384,0.46153846153846156
4985,1104-39,intermittent,270.1,35,223.5,6.385714285714286,seasonal_naive,low,1.0,1.3373,29,1.1159420289855073,0.48953078570934977,5.310344827586207,16.377549814640602,-4.206896551724138,0.13793103448275862,0.06896551724137931
11440,1102-27,intermittent,265.25,32,303.5,9.484375,exponential_smoothing,low,1.1271,1.1501,26,1.1205250596658711,0.6324936009699582,9.028846153846153,16.198958299841383,-6.201923076923077,0.4230769230769231,0.23076923076923078
820,DE-V1-160,falling,253.5,40,2008.0,50.2,previous_month,normal,1.881,0.2169,34,0.8579459130963233,0.7435993905077222,41.52205882352941,101.32401978452157,-27.727941176470587,0.5294117647058824,0.47058823529411764
10692,393-22,fast_moving,244.0,33,2698.0,81.75757575757575,croston,low,1.2944,1.2268,27,0.8932124695998231,0.6606859172039996,74.81481481481481,111.00216881431408,-43.925925925925924,0.5925925925925926,0.4074074074074074
10693,393-23,falling,149.2,33,2556.5,77.46969696969697,previous_month,normal,0.693,0.217,27,0.989935956084172,0.7768802728415006,80.14814814814815,102.66774891204476,-36.370370370370374,0.5925925925925926,0.3333333333333333
6909,373-37,intermittent,129.5,39,422.0,10.820512820512821,seasonal_naive,normal,0.7198,0.6936,33,1.1955307262569832,0.884297520661157,12.969696969696969,25.69451951940984,-7.818181818181818,0.3333333333333333,0.2727272727272727
6623,379-06,falling,100.0,40,11198.45,279.96125,previous_month,normal,0.8844,0.0903,34,1.026280283285198,0.8327094888117813,278.5279411764706,399.6255233303534,-121.23382352941177,0.4411764705882353,0.4117647058823529
6032,18825,dead_stock,84.3,37,306.0,8.27027027027027,previous_month,trivial_zero,0.0,0.0,31,0.9619205298013245,0.4198462249971095,4.685483870967742,9.742966859525206,-2.8629032258064515,0.3548387096774194,0.3870967741935484
10063,DE-V1-05,dead_stock,80.0,38,85.75,2.2565789473684212,previous_month,trivial_zero,0.0,0.0,32,0.9680851063829787,0.10778061224489796,0.35546875,1.9456732848168523,-0.33203125,0.03125,0.03125
10700,393-30,dead_stock,68.0,32,308.5,9.640625,previous_month,trivial_zero,0.0,0.0,26,1.4390243902439024,0.07355691310310435,1.1346153846153846,3.2113081446662823,0.0,0.07692307692307693,0.07692307692307693
9124,385-07,intermittent,64.0,35,1951.4499999999998,55.755714285714284,previous_month,normal,1.25,0.0101,29,1.017866738312735,0.4837039849629904,32.65948275862069,55.37371563856529,-13.892241379310345,0.4482758620689655,0.27586206896551724
6907,377-14,dead_stock,60.0,39,55.0,1.4102564102564104,previous_month,trivial_zero,0.0,0.0,33,1.0,0.04462809917355372,0.09090909090909091,0.5222329678670935,-0.09090909090909091,0.030303030303030304,0.0
2200,502-04,cold_start,15.0,0,0.0,0.0,,,,,0,,,,,,,
854,202-18,dead_stock,11.5,40,125.5,3.1375,previous_month,trivial_zero,0.0,0.0,34,1.4411764705882353,0.4174442190669371,2.161764705882353,6.108696789871653,-0.3235294117647059,0.14705882352941177,0.17647058823529413
8502,360-30,dead_stock,8.0,37,8.0,0.21621621621621623,previous_month,trivial_zero,0.0,0.0,31,0.0,0.0,0.0,0.0,0.0,0.0,0.0
1882,301-02,dead_stock,3.5,37,98.5,2.6621621621621623,previous_month,trivial_zero,0.0,0.0,31,1.0,0.02767235926628716,0.11290322580645161,0.6286185570937122,-0.11290322580645161,0.03225806451612903,0.0
2054,306-12,cold_start,0.0,0,0.0,0.0,,,,,0,,,,,,,
2850,801-03,cold_start,0.0,0,0.0,0.0,,,,,0,,,,,,,
14403,394-27,intermittent,0.0,27,610.2,22.6,seasonal_naive,normal,0.9398,0.1151,21,1.0407712970069072,0.7080853174603174,25.830952380952382,82.82801386579531,-20.926190476190477,0.38095238095238093,0.23809523809523808
273,344-06,intermittent,0.0,38,88.5,2.3289473684210527,moving_average_3,normal,1.1538,0.6623,32,1.074468085106383,0.3713235294117647,1.578125,5.021049442098733,-1.359375,0.15625,0.03125
176,345-65,dead_stock,0.0,39,100.0,2.5641025641025643,previous_month,trivial_zero,0.0,0.0,33,0.0,0.0,0.0,0.0,0.0,0.0,0.0
15820,407-44,intermittent,0.0,30,47.9,1.5966666666666667,moving_average_3,normal,1.5686,0.2634,24,1.1758793969849246,0.3823529411764706,0.975,1.9339079605813716,-0.5166666666666667,0.20833333333333334,0.20833333333333334
790,324-53,dead_stock,0.0,40,233.0,5.825,previous_month,trivial_zero,0.0,0.0,34,1.3,0.29857042418561053,2.676470588235294,9.774667137404672,-1.4411764705882353,0.058823529411764705,0.058823529411764705
576,1104-15,intermittent,0.0,40,72.0,1.8,seasonal_naive,normal,1.0,0.0859,34,1.0,0.38976201167489893,1.8235294117647058,10.131488480155786,-1.8235294117647058,0.058823529411764705,0.0
4993,310-41,cold_start,0.0,0,0.0,0.0,,,,,0,,,,,,,
6373,Trazo 07 - Nautic,cold_start,0.0,0,0.0,0.0,,,,,0,,,,,,,
292,344-25,dead_stock,0.0,37,352.0,9.513513513513514,previous_month,trivial_zero,0.0,0.0,31,1.1358024691358024,0.843108504398827,11.870967741935484,49.34343110838957,-8.64516129032258,0.06451612903225806,0.0967741935483871
5761,362-26,dead_stock,0.0,37,42.0,1.135135135135135,previous_month,trivial_zero,0.0,0.0,31,0.0,0.0,0.0,0.0,0.0,0.0,0.0
1552,201-11 CC,falling,0.0,40,4598.5,114.9625,previous_month,normal,0.9451,0.1763,34,0.9082470320788077,0.6209931597678392,105.75735294117646,216.2245777304372,-57.169117647058826,0.5294117647058824,0.47058823529411764
6107,366-19,cold_start,0.0,0,0.0,0.0,,,,,0,,,,,,,
6127,367-13,dead_stock,0.0,40,347.5,8.6875,previous_month,trivial_zero,0.0,0.0,34,1.1028277634961439,0.4600183823529412,6.3088235294117645,13.25527087170809,-3.3529411764705883,0.2647058823529412,0.17647058823529413
5230,355-38,dead_stock,0.0,40,139.0,3.475,previous_month,trivial_zero,0.0,0.0,34,1.0,0.2517985611510791,1.25,5.196859911636687,-1.25,0.058823529411764705,0.0
4827,1706-05,dead_stock,0.0,20,22.0,1.1,previous_month,trivial_zero,0.0,0.0,14,0.0,0.0,0.0,0.0,0.0,0.0,0.0
10430,Lee Cooper Ladies 3 Hands Fn Silver&Blue (LC07824.380),dead_stock,0.0,33,31.0,0.9393939393939394,previous_month,trivial_zero,0.0,0.0,27,0.0,0.0,0.0,0.0,0.0,0.0,0.0
20860,BEIRA-02,cold_start,0.0,0,0.0,0.0,,,,,0,,,,,,,
4116,909-69,cold_start,0.0,0,0.0,0.0,,,,,0,,,,,,,
3762,906-16,cold_start,0.0,0,0.0,0.0,,,,,0,,,,,,,
6114,366-26,dead_stock,0.0,40,27.0,0.675,previous_month,trivial_zero,0.0,0.0,34,1.0,0.6588235294117647,0.5882352941176471,2.0,-0.5882352941176471,0.08823529411764706,0.0
1595,201-55,intermittent,0.0,38,292.0,7.684210526315789,seasonal_naive,low,0.7565,1.9529,32,1.128238341968912,0.7512606157112526,6.8046875,11.891682361003426,-3.3359375,0.34375,0.28125
1268,Lisos 21,dead_stock,0.0,33,10.0,0.30303030303030304,previous_month,trivial_zero,0.0,0.0,27,0.0,0.0,0.0,0.0,0.0,0.0,0.0
9612,Leviotto Women's Sneaker NUDE (LVTW21003),dead_stock,0.0,34,8.0,0.23529411764705882,previous_month,trivial_zero,0.0,0.0,28,0.0,0.0,0.0,0.0,0.0,0.0,0.0
19618,437-57,intermittent,0.0,11,143.5,13.045454545454545,,,,,5,1.2753623188405796,0.5569620253164557,8.8,12.098553632562862,-5.0,0.4,0.4
173,345-99,dead_stock,0.0,33,8.0,0.24242424242424243,previous_month,trivial_zero,0.0,0.0,27,0.0,0.0,0.0,0.0,0.0,0.0,0.0
10073,DE-V1-107,dead_stock,0.0,40,110.25,2.75625,previous_month,trivial_zero,0.0,0.0,34,1.023094688221709,0.5569824876515492,3.2573529411764706,9.908867834657292,-2.9926470588235294,0.2647058823529412,0.11764705882352941
15805,407-29,intermittent,0.0,30,72.25,2.408333333333333,previous_month,normal,2.0,0.0561,24,1.022099447513812,0.45491803278688525,1.9270833333333333,7.387436547950852,-1.7395833333333333,0.2916666666666667,0.16666666666666666
20963,LIONI-19,cold_start,0.0,0,0.0,0.0,,,,,0,,,,,,,
20310,443-35,cold_start,0.0,1,28.0,28.0,,,,,0,,,,,,,
161,347-43,cold_start,0.0,0,0.0,0.0,,,,,0,,,,,,,
13277,401-06,intermittent,0.0,31,215.5,6.951612903225806,croston,low,1.3909,1.1997,25,1.1948424068767909,0.9632826747720366,8.34,14.039408819462448,-5.46,0.4,0.2
