main_product_template_id,name,pattern,count_1m,std_1m,rmse_1m,std_4m_cum,rmse_4m_cum,theoretical_sqrt4_scale,empirical_std_ratio,empirical_rmse_ratio
10699,393-29,intermittent,26,121.1175117219226,128.97744100602065,335.1924256747723,383.8459328888513,2.0,2.7674976220148153,2.9760703103958575
4985,1104-39,intermittent,29,15.828018174557611,16.377549814640602,30.668219488184246,36.09712875461043,2.0,1.937590616207478,2.204061606476791
11440,1102-27,intermittent,26,14.96470514737691,16.198958299841383,25.494289552164666,35.51967470431766,2.0,1.7036279232426732,2.1927135095264405
820,DE-V1-160,fast_moving,34,97.45623768342539,101.32401978452157,186.7585354106869,220.9764673824902,2.0,1.916332292832287,2.18088926843235
10692,393-22,fast_moving,27,101.94113258656463,111.00216881431408,209.9069065491806,292.2510037107176,2.0,2.059099219551396,2.6328404825999305
10693,393-23,fast_moving,27,96.0097017274231,102.66774891204476,236.76293042060905,283.3127252002929,2.0,2.466031308927427,2.7595104422032892
6909,373-37,intermittent,33,24.476199999002798,25.69451951940984,60.0825581824131,67.23612048919465,2.0,2.4547339123254823,2.6167494760275223
6623,379-06,fast_moving,34,380.7924880161087,399.6255233303534,1050.97778974735,1154.9894902719284,2.0,2.759975111964106,2.8901794876528637
6032,18825,stable/normal,31,9.3128507099316,9.742966859525206,21.072902201185386,24.492834884073385,2.0,2.2627767648752695,2.5138990245181816
10063,DE-V1-05,intermittent,32,1.9171332192295447,1.9456732848168523,3.6319412867506937,3.911049852785033,2.0,1.8944647405412411,2.010126717216649
10700,393-30,intermittent,26,3.2113081446662823,3.2113081446662823,9.94148333423762,10.14714684010068,2.0,3.0957737116413457,3.1598172405081253
9124,385-07,fast_moving,29,53.60274258915925,55.37371563856529,158.14812098658953,174.31426422474595,2.0,2.950373681412596,3.1479604034977196
6907,377-14,intermittent,33,0.51425947722658,0.5222329678670935,0.9,0.9486832980505138,2.0,1.750089283436705,1.816590212458495
854,202-18,intermittent,34,6.100123375007378,6.108696789871653,16.64614392885969,16.743224285537313,2.0,2.728820862387813,2.7408831804023945
8502,360-30,intermittent,31,0.0,0.0,0.0,0.0,2.0,0.0,0.0
1882,301-02,intermittent,31,0.6183964358929295,0.6286185570937122,1.224744871391589,1.3228756555322954,2.0,1.9805173514998136,2.104417123236605
14403,394-27,intermittent,21,80.14096601056526,82.82801386579531,178.24162752082944,201.42582107415947,2.0,2.224101310400117,2.431856224399223
273,344-06,intermittent,32,4.833532570426623,5.021049442098733,10.373515358726799,11.7484465682592,2.0,2.146156089274309,2.339838853159849
176,345-65,intermittent,33,0.0,0.0,0.0,0.0,2.0,0.0,0.0
15820,407-44,intermittent,24,1.8636135746327767,1.9339079605813716,4.881457073210455,5.138470971852563,2.0,2.6193504595888886,2.657040084941703
790,324-53,intermittent,34,9.66783988425965,9.774667137404672,15.065172058231555,15.15299162680213,2.0,1.5582769510652923,1.5502309606857354
576,1104-15,intermittent,34,9.966032275081115,10.131488480155786,19.655090451207833,21.22080537220869,2.0,1.9722081876408388,2.0945397523545712
292,344-25,intermittent,31,48.580195345559225,49.34343110838957,113.63008999959617,120.19466632301119,2.0,2.33902085389583,2.4358797842611963
5761,362-26,intermittent,31,0.0,0.0,0.0,0.0,2.0,0.0,0.0
1552,201-11 CC,fast_moving,34,208.52999784722255,216.2245777304372,526.77553899527,568.2743978362382,2.0,2.5261379390662393,2.6281674534922406
6127,367-13,stable/normal,34,12.824195543950545,13.25527087170809,29.75168355537048,33.52205449552289,2.0,2.3199649017676593,2.528960352449078
5230,355-38,intermittent,34,5.044289141313816,5.196859911636687,8.831554674034345,9.818514439896273,2.0,1.7508026258253138,1.8893167425796653
4827,1706-05,intermittent,14,0.0,0.0,0.0,0.0,2.0,0.0,0.0
10430,Lee Cooper Ladies 3 Hands Fn Silver&Blue (LC07824.380),intermittent,27,0.0,0.0,0.0,0.0,2.0,0.0,0.0
6114,366-26,intermittent,34,1.9115384481496378,2.0,3.299796607108237,4.1890795047091425,2.0,1.7262517582643593,2.0945397523545712
1595,201-55,intermittent,32,11.414185488728215,11.891682361003426,31.520335124546246,37.19154525592755,2.0,2.7615054228506573,3.1275259569571374
1268,Lisos 21,intermittent,27,0.0,0.0,0.0,0.0,2.0,0.0,0.0
9612,Leviotto Women's Sneaker NUDE (LVTW21003),intermittent,28,0.0,0.0,0.0,0.0,2.0,0.0,0.0
173,345-99,intermittent,27,0.0,0.0,0.0,0.0,2.0,0.0,0.0
10073,DE-V1-107,intermittent,34,9.44614870442027,9.908867834657292,19.47685518614973,23.444848310415384,2.0,2.0618831860052818,2.366047130875497
15805,407-29,intermittent,24,7.179698362493293,7.387436547950852,14.480415702806717,16.57873404192961,2.0,2.016855718960609,2.244179551908066
13277,401-06,intermittent,25,12.934194988479183,14.039408819462448,26.41145374541661,33.705530204036656,2.0,2.0419866693630304,2.4007798788017056
