group_id,name,pattern,legacy_T,legacy_T1,legacy_T2,legacy_switch_1m,legacy_switch_2m,h3_T,h3_T1,h3_T2,h3_switch_1m,h3_switch_2m,h4_T,h4_T1,h4_T2,h4_switch_1m,h4_switch_2m,comb_T,comb_T1,comb_T2,comb_switch_1m,comb_switch_2m
10699,393-29,fast_moving,moving_average_3,croston,seasonal_naive,True,True,median_baseline,median_baseline,median_baseline,False,False,median_baseline,median_baseline,median_baseline,False,False,median_baseline,median_baseline,median_baseline,False,False
4985,1104-39,intermittent,seasonal_naive,seasonal_naive,seasonal_naive,False,False,previous_month,previous_month,previous_month,False,False,ses,previous_month,previous_month,True,True,previous_month,previous_month,previous_month,False,False
11440,1102-27,intermittent,exponential_smoothing,previous_month,previous_month,True,True,trimmed_mean_3,median_baseline,trimmed_mean_3,True,False,seasonal_naive,median_baseline,trimmed_mean_3,True,True,trimmed_mean_3,median_baseline,trimmed_mean_3,True,False
820,DE-V1-160,falling,previous_month,moving_average_3,moving_average_3,True,True,winsorized_mean_3,winsorized_mean_3,winsorized_mean_3,False,False,winsorized_mean_3,winsorized_mean_3,winsorized_mean_3,False,False,winsorized_mean_3,winsorized_mean_3,winsorized_mean_3,False,False
10692,393-22,fast_moving,croston,croston,croston,False,False,croston,croston,ses,False,True,ses,ses,ses,False,False,ses,ses,ses,False,False
10693,393-23,falling,previous_month,previous_month,previous_month,False,False,median_baseline,trimmed_mean_3,seasonal_naive,True,True,median_baseline,trimmed_mean_3,trimmed_mean_3,True,True,median_baseline,trimmed_mean_3,trimmed_mean_3,True,True
6909,373-37,intermittent,seasonal_naive,exponential_smoothing,exponential_smoothing,True,True,seasonal_naive,seasonal_naive,seasonal_naive,False,False,seasonal_naive,seasonal_naive,ses,False,True,seasonal_naive,seasonal_naive,seasonal_naive,False,False
6623,379-06,falling,previous_month,previous_month,previous_month,False,False,trimmed_mean_3,trimmed_mean_3,trimmed_mean_3,False,False,trimmed_mean_3,trimmed_mean_3,trimmed_mean_3,False,False,trimmed_mean_3,trimmed_mean_3,trimmed_mean_3,False,False
6032,18825,dead_stock,previous_month,previous_month,exponential_smoothing,False,True,trimmed_mean_3,winsorized_mean_3,median_baseline,True,True,trimmed_mean_3,winsorized_mean_3,median_baseline,True,True,trimmed_mean_3,winsorized_mean_3,median_baseline,True,True
10063,DE-V1-05,dead_stock,previous_month,previous_month,previous_month,False,False,previous_month,previous_month,previous_month,False,False,previous_month,previous_month,previous_month,False,False,previous_month,previous_month,previous_month,False,False
10700,393-30,dead_stock,previous_month,previous_month,previous_month,False,False,previous_month,previous_month,previous_month,False,False,previous_month,previous_month,previous_month,False,False,previous_month,previous_month,previous_month,False,False
9124,385-07,intermittent,previous_month,previous_month,previous_month,False,False,previous_month,trimmed_mean_3,trimmed_mean_3,True,True,previous_month,trimmed_mean_3,trimmed_mean_3,True,True,previous_month,trimmed_mean_3,trimmed_mean_3,True,True
6907,377-14,dead_stock,previous_month,previous_month,previous_month,False,False,previous_month,previous_month,previous_month,False,False,previous_month,previous_month,previous_month,False,False,previous_month,previous_month,previous_month,False,False
854,202-18,dead_stock,previous_month,previous_month,previous_month,False,False,previous_month,previous_month,previous_month,False,False,previous_month,previous_month,previous_month,False,False,previous_month,previous_month,previous_month,False,False
8502,360-30,dead_stock,previous_month,previous_month,previous_month,False,False,previous_month,previous_month,previous_month,False,False,previous_month,previous_month,previous_month,False,False,previous_month,previous_month,previous_month,False,False
1882,301-02,dead_stock,previous_month,previous_month,previous_month,False,False,previous_month,previous_month,previous_month,False,False,previous_month,previous_month,previous_month,False,False,previous_month,previous_month,previous_month,False,False
14403,394-27,intermittent,seasonal_naive,seasonal_naive,seasonal_naive,False,False,seasonal_naive,seasonal_naive,seasonal_naive,False,False,seasonal_naive,seasonal_naive,seasonal_naive,False,False,seasonal_naive,seasonal_naive,seasonal_naive,False,False
273,344-06,intermittent,moving_average_3,seasonal_naive,previous_month,True,True,seasonal_naive,seasonal_naive,median_baseline,False,True,seasonal_naive,seasonal_naive,seasonal_naive,False,False,seasonal_naive,seasonal_naive,median_baseline,False,True
176,345-65,dead_stock,previous_month,previous_month,previous_month,False,False,previous_month,previous_month,previous_month,False,False,previous_month,previous_month,previous_month,False,False,previous_month,previous_month,previous_month,False,False
15820,407-44,intermittent,moving_average_3,moving_average_3,moving_average_3,False,False,previous_month,previous_month,previous_month,False,False,moving_average_3,previous_month,previous_month,True,True,moving_average_3,previous_month,previous_month,True,True
790,324-53,dead_stock,previous_month,previous_month,previous_month,False,False,previous_month,previous_month,previous_month,False,False,previous_month,previous_month,previous_month,False,False,previous_month,previous_month,previous_month,False,False
576,1104-15,intermittent,seasonal_naive,seasonal_naive,seasonal_naive,False,False,previous_month,previous_month,previous_month,False,False,previous_month,previous_month,previous_month,False,False,previous_month,previous_month,previous_month,False,False
292,344-25,dead_stock,previous_month,seasonal_naive,seasonal_naive,True,True,seasonal_naive,seasonal_naive,croston,False,True,seasonal_naive,seasonal_naive,croston,False,True,seasonal_naive,seasonal_naive,croston,False,True
5761,362-26,dead_stock,previous_month,previous_month,previous_month,False,False,previous_month,previous_month,previous_month,False,False,previous_month,previous_month,previous_month,False,False,previous_month,previous_month,previous_month,False,False
1552,201-11 CC,falling,previous_month,moving_average_3,moving_average_3,True,True,trimmed_mean_3,trimmed_mean_3,median_baseline,False,True,trimmed_mean_3,trimmed_mean_3,median_baseline,False,True,trimmed_mean_3,trimmed_mean_3,median_baseline,False,True
6127,367-13,dead_stock,previous_month,previous_month,previous_month,False,False,previous_month,trimmed_mean_3,trimmed_mean_3,True,True,previous_month,trimmed_mean_3,trimmed_mean_3,True,True,previous_month,trimmed_mean_3,trimmed_mean_3,True,True
5230,355-38,dead_stock,previous_month,previous_month,previous_month,False,False,previous_month,previous_month,previous_month,False,False,previous_month,previous_month,previous_month,False,False,previous_month,previous_month,previous_month,False,False
4827,1706-05,dead_stock,previous_month,previous_month,previous_month,False,False,previous_month,previous_month,previous_month,False,False,previous_month,previous_month,previous_month,False,False,previous_month,previous_month,previous_month,False,False
10430,Lee Cooper Ladies 3 Hands Fn Silver&Blue (LC07824.380),dead_stock,previous_month,previous_month,previous_month,False,False,previous_month,previous_month,previous_month,False,False,previous_month,previous_month,previous_month,False,False,previous_month,previous_month,previous_month,False,False
6114,366-26,dead_stock,previous_month,seasonal_naive,seasonal_naive,True,True,seasonal_naive,croston,croston,True,True,seasonal_naive,seasonal_naive,croston,False,True,seasonal_naive,seasonal_naive,croston,False,True
1595,201-55,intermittent,seasonal_naive,seasonal_naive,moving_average_3,False,True,croston,moving_average_3,ses,True,True,croston,croston,croston,False,False,croston,croston,croston,False,False
1268,Lisos 21,dead_stock,previous_month,previous_month,previous_month,False,False,previous_month,previous_month,previous_month,False,False,previous_month,previous_month,previous_month,False,False,previous_month,previous_month,previous_month,False,False
9612,Leviotto Women's Sneaker NUDE (LVTW21003),dead_stock,previous_month,previous_month,previous_month,False,False,previous_month,previous_month,previous_month,False,False,previous_month,previous_month,previous_month,False,False,previous_month,previous_month,previous_month,False,False
173,345-99,dead_stock,previous_month,previous_month,previous_month,False,False,previous_month,previous_month,previous_month,False,False,previous_month,previous_month,previous_month,False,False,previous_month,previous_month,previous_month,False,False
10073,DE-V1-107,dead_stock,previous_month,seasonal_naive,seasonal_naive,True,True,seasonal_naive,seasonal_naive,seasonal_naive,False,False,seasonal_naive,seasonal_naive,seasonal_naive,False,False,seasonal_naive,seasonal_naive,seasonal_naive,False,False
15805,407-29,intermittent,previous_month,moving_average_3,moving_average_3,True,True,previous_month,median_baseline,median_baseline,True,True,previous_month,median_baseline,median_baseline,True,True,previous_month,median_baseline,median_baseline,True,True
13277,401-06,intermittent,croston,seasonal_naive,seasonal_naive,True,True,croston,croston,croston,False,False,ses,ses,croston,False,True,ses,ses,croston,False,True
