group_id,name,sales_len,old_model,new_model,model_changed,forecast_1m,forecasted_horizon_demand,safety_stock,target_stock,inventory_position,stock_gap,suggested_purchase_qty,action,confidence
10699,393-29,32,moving_average_3,median_baseline,True,34.5,138.0,199.42,337.42,567.4,0.0,0,hold,low
4985,1104-39,35,seasonal_naive,trimmed_mean_3,True,0.0,0.0,0.0,0.0,358.9,0.0,0,hold,low
11440,1102-27,32,exponential_smoothing,trimmed_mean_3,True,17.0,33.11,21.85,54.97,32.5,22.47,23,purchase,low
820,DE-V1-160,40,previous_month,winsorized_mean_3,True,0.3,,,,416.3,,0,review,low
10692,393-22,33,croston,ses,True,81.8,,,,512.8,,0,review,low
10693,393-23,33,previous_month,median_baseline,True,41.0,,,,2239.6,,0,review,low
6909,373-37,39,seasonal_naive,seasonal_naive,False,0.0,35.52,34.52,70.03,38.4,31.63,32,purchase,low
6623,379-06,40,previous_month,trimmed_mean_3,True,12.2,,,,3228.3,,0,review,low
6032,18825,37,previous_month,trimmed_mean_3,True,0.0,0.0,0.0,0.0,148.3,0.0,0,dead_stock,trivial_zero
10063,DE-V1-05,38,previous_month,trimmed_mean_3,True,0.0,0.0,0.0,0.0,172.55,0.0,0,dead_stock,trivial_zero
10700,393-30,32,previous_month,trimmed_mean_3,True,0.0,,,,12.5,,0,review,trivial_zero
9124,385-07,35,previous_month,previous_month,False,3.0,12.0,18.0,30.0,20.0,10.0,10,purchase,low
6907,377-14,39,previous_month,trimmed_mean_3,True,0.0,0.0,0.0,0.0,222.9,0.0,0,dead_stock,trivial_zero
854,202-18,40,previous_month,trimmed_mean_3,True,0.0,,,,155.8,,0,review,trivial_zero
8502,360-30,37,previous_month,trimmed_mean_3,True,0.0,,,,0.0,,0,review,trivial_zero
1882,301-02,37,previous_month,trimmed_mean_3,True,0.0,0.0,0.0,0.0,116.2,0.0,0,dead_stock,trivial_zero
14403,394-27,27,seasonal_naive,seasonal_naive,False,22.0,,,,286.4,,0,review,low
273,344-06,38,moving_average_3,seasonal_naive,True,0.0,,,,622.8,,0,review,low
176,345-65,39,previous_month,trimmed_mean_3,True,0.0,,,,413.4,,0,review,trivial_zero
15820,407-44,30,moving_average_3,moving_average_3,False,0.8,1.79,2.73,4.52,65.6,0.0,0,excess_stock,low
790,324-53,40,previous_month,trimmed_mean_3,True,0.0,0.0,0.0,0.0,307.6,0.0,0,dead_stock,trivial_zero
576,1104-15,40,seasonal_naive,trimmed_mean_3,True,0.0,0.0,0.0,0.0,174.3,0.0,0,hold,low
292,344-25,37,previous_month,seasonal_naive,True,0.0,,,,200.8,,0,review,trivial_zero
5761,362-26,37,previous_month,trimmed_mean_3,True,0.0,,,,219.9,,0,review,trivial_zero
1552,201-11 CC,40,previous_month,trimmed_mean_3,True,44.2,161.84,242.76,404.59,2097.5,0.0,0,excess_stock,low
6127,367-13,40,previous_month,trimmed_mean_3,True,0.0,,,,440.5,,0,review,trivial_zero
5230,355-38,40,previous_month,trimmed_mean_3,True,0.0,,,,281.2,,0,review,trivial_zero
4827,1706-05,20,previous_month,trimmed_mean_3,True,0.0,,,,0.0,,0,review,trivial_zero
10430,Lee Cooper Ladies 3 Hands Fn Silver&Blue (LC07824.380),33,previous_month,trimmed_mean_3,True,0.0,,,,0.0,,0,review,trivial_zero
6114,366-26,40,previous_month,trimmed_mean_3,True,0.0,,,,281.7,,0,review,trivial_zero
1595,201-55,38,seasonal_naive,croston,True,11.3,45.36,22.06,67.42,694.0,0.0,0,excess_stock,low
1268,Lisos 21,33,previous_month,trimmed_mean_3,True,0.0,,,,98.0,,0,review,trivial_zero
9612,Leviotto Women's Sneaker NUDE (LVTW21003),34,previous_month,trimmed_mean_3,True,0.0,,,,0.0,,0,review,trivial_zero
19618,437-57,11,trimmed_mean_3,,True,,,,,210.5,,0,review,low
173,345-99,33,previous_month,trimmed_mean_3,True,0.0,,,,388.1,,0,review,trivial_zero
10073,DE-V1-107,40,previous_month,seasonal_naive,True,13.0,0.0,0.0,0.0,104.9,0.0,0,dead_stock,trivial_zero
15805,407-29,30,previous_month,previous_month,False,0.0,0.0,0.0,0.0,83.05,0.0,0,hold,low
20310,443-35,1,trimmed_mean_3,,True,,,,,171.4,,0,review,low
13277,401-06,31,croston,ses,True,7.0,27.8,16.37,44.17,170.5,0.0,0,excess_stock,low
