product_id,product_name,month,actual,previous_month,moving_average_3,seasonal_naive,croston,exponential_smoothing
14,351-02,2026-01-01,45.2,0.0,30.166666666666668,8.0,38.942177062483175,42.7670536202173
14,351-02,2026-02-01,17.5,45.2,45.23333333333333,2.0,36.772255479807086,20.773663941597917
14,351-02,2026-03-01,0.0,17.5,20.900000000000002,197.0,35.4482671761333,117.34698198187749
14,351-02,2026-04-01,1.0,0.0,20.900000000000002,64.5,35.4482671761333,40.38083940598754
14,351-02,2026-05-01,0.0,1.0,6.166666666666667,0.0,30.81953893716594,6.063379938124424
14,351-02,2026-06-01,72.0,0.0,0.3333333333333333,0.0,30.81953893716594,26.68697199038251
15,351-03,2026-01-01,0.0,0.0,8.0,0.0,8.906069092803184,9.508270319833995
15,351-03,2026-02-01,3.0,0.0,0.0,0.0,8.906069092803184,5.574946714656627
15,351-03,2026-03-01,0.0,3.0,1.0,0.0,7.651246993129556,14.662217066792646
15,351-03,2026-04-01,128.0,0.0,1.0,0.0,7.651246993129556,3.5873166608511866
15,351-03,2026-05-01,0.0,128.0,43.666666666666664,61.0,12.088294276088009,31.681977930558645
15,351-03,2026-06-01,1.0,0.0,42.666666666666664,0.0,12.088294276088009,9.975100916734789
120,347-02,2026-01-01,0.0,0.0,0.0,0.0,46.28090259691942,93.05337809773009
120,347-02,2026-02-01,0.0,0.0,0.0,0.0,46.28090259691942,0.0
120,347-02,2026-03-01,0.0,0.0,0.0,0.0,46.28090259691942,0.0
120,347-02,2026-04-01,163.0,0.0,0.0,0.0,46.28090259691942,0.0
120,347-02,2026-05-01,16.0,163.0,54.333333333333336,0.0,20.594674042815093,0.0
120,347-02,2026-06-01,63.5,16.0,59.666666666666664,0.0,20.453670794360324,0.0
125,347-07,2026-01-01,0.0,0.0,0.0,0.0,26.400602409638555,0.0
125,347-07,2026-02-01,0.0,0.0,0.0,0.0,26.400602409638555,0.0
125,347-07,2026-03-01,0.0,0.0,0.0,0.0,26.400602409638555,0.0
125,347-07,2026-04-01,0.0,0.0,0.0,0.0,26.400602409638555,0.0
125,347-07,2026-05-01,0.0,0.0,0.0,0.0,26.400602409638555,125.5981252300632
125,347-07,2026-06-01,77.0,0.0,0.0,0.0,26.400602409638555,0.0
139,347-21,2026-01-01,0.0,0.0,0.0,11.0,5.241489361702127,6.092626039198467
139,347-21,2026-02-01,0.0,0.0,0.0,10.0,5.241489361702127,0.08352520611939962
139,347-21,2026-03-01,0.0,0.0,0.0,0.0,5.241489361702127,0.0
139,347-21,2026-04-01,0.0,0.0,0.0,0.0,5.241489361702127,0.0
139,347-21,2026-05-01,0.0,0.0,0.0,0.0,5.241489361702127,0.0
139,347-21,2026-06-01,0.0,0.0,0.0,0.0,5.241489361702127,0.0
143,347-25,2026-01-01,0.0,0.0,0.0,0.0,56.0,0.0
143,347-25,2026-02-01,0.0,0.0,0.0,0.0,56.0,0.0
143,347-25,2026-03-01,0.0,0.0,0.0,0.0,56.0,0.0
143,347-25,2026-04-01,0.0,0.0,0.0,0.0,56.0,0.0
143,347-25,2026-05-01,0.0,0.0,0.0,0.0,56.0,0.0
143,347-25,2026-06-01,0.0,0.0,0.0,0.0,56.0,0.0
177,345-70,2026-01-01,26.0,0.0,25.833333333333332,6.0,26.69321778546887,22.319336354113762
177,345-70,2026-02-01,0.0,26.0,10.166666666666666,17.0,24.519895578261217,0.0
177,345-70,2026-03-01,18.0,0.0,8.666666666666666,85.5,24.519895578261217,34.25417987444665
177,345-70,2026-04-01,0.0,18.0,14.666666666666666,20.0,22.19326068765134,9.308940053464694
177,345-70,2026-05-01,17.0,0.0,6.0,17.5,22.19326068765134,1.9887783941685235
177,345-70,2026-06-01,11.0,17.0,11.666666666666666,0.0,20.23805260562977,0.0
195,345-79,2026-01-01,29.0,0.0,7.666666666666667,0.0,34.45042880155284,0.0
195,345-79,2026-02-01,0.0,29.0,13.666666666666666,43.0,31.54391130684935,57.07364247674704
195,345-79,2026-03-01,0.0,0.0,9.666666666666666,65.0,31.54391130684935,24.997886952784228
195,345-79,2026-04-01,0.0,0.0,9.666666666666666,0.0,31.54391130684935,15.117537513423482
195,345-79,2026-05-01,0.0,0.0,0.0,0.0,31.54391130684935,6.116023557235363
195,345-79,2026-06-01,0.0,0.0,0.0,0.0,31.54391130684935,0.0
197,345-56,2026-01-01,0.0,29.0,18.333333333333332,0.0,34.88866702125248,30.87117493064563
197,345-56,2026-02-01,0.0,0.0,9.666666666666666,166.0,34.88866702125248,176.01815605557974
197,345-56,2026-03-01,0.0,0.0,9.666666666666666,0.0,34.88866702125248,0.0
197,345-56,2026-04-01,14.0,0.0,0.0,16.0,34.88866702125248,0.0
197,345-56,2026-05-01,0.0,14.0,4.666666666666667,44.0,26.453494691641904,21.01801952005868
197,345-56,2026-06-01,1.0,0.0,4.666666666666667,5.0,26.453494691641904,0.0
225,342-12 SL-602,2026-01-01,23.0,0.0,0.3333333333333333,4.0,47.71501745877931,0.0
225,342-12 SL-602,2026-02-01,0.0,23.0,7.666666666666667,5.5,40.01425032915719,85.46522362963262
225,342-12 SL-602,2026-03-01,0.0,0.0,7.666666666666667,35.0,40.01425032915719,0.0
225,342-12 SL-602,2026-04-01,0.0,0.0,7.666666666666667,80.5,40.01425032915719,0.0
225,342-12 SL-602,2026-05-01,0.0,0.0,0.0,0.0,40.01425032915719,0.0
225,342-12 SL-602,2026-06-01,0.0,0.0,0.0,2.0,40.01425032915719,4.854404185131379
