product_id,product_name,model,MAE,WAPE,MASE
14,351-02,moving_average_3,26.900000000000006,1.1893883566691235,0.5003282275711161
15,351-03,croston,27.6647877896304,1.2574903540741091,2.261064386652485
120,347-02,moving_average_3,34.19444444444445,0.8460481099656358,1.2263830285982187
125,347-07,previous_month,12.833333333333334,1.0,0.6807072282891317
139,347-21,previous_month,0.0,0.0,0.0
143,347-25,previous_month,0.0,0.0,0.0
177,345-70,moving_average_3,7.666666666666667,0.6388888888888888,0.2818018018018018
195,345-79,moving_average_3,9.055555555555555,1.8735632183908044,0.2145567169957414
197,345-56,previous_month,9.666666666666666,3.8666666666666667,0.2689579923622477
225,342-12 SL-602,moving_average_3,7.611111111111111,1.9855072463768115,0.11212208742538032
